Tarih;Konya- Bosna (Yeni);;;;
;PM10 ( µg/m3 );SO2 ( µg/m3 );NO2 ( mg/m3 );NOX ( µg/m3 );O3 ( µg/m3 )
11.03.2021 16:00;48,15;14,99;-;-;76,15
11.03.2021 17:00;48,92;24,56;19,6;22,55;59,41
11.03.2021 18:00;46,78;24,13;22,79;26,84;34,39
11.03.2021 19:00;36,17;24,33;19,56;22,28;39,45
11.03.2021 20:00;27,96;24,81;15,23;16,99;49,99
11.03.2021 21:00;23,13;24,74;14,4;15,92;55,72
11.03.2021 22:00;17,26;24,64;11,18;12,41;55,7
11.03.2021 23:00;13,61;24,99;10,54;11,86;54,63
12.03.2021 00:00;10,3;21,69;9,13;10,01;60,93
12.03.2021 01:00;9,45;7,18;8,77;10,23;53,05
12.03.2021 02:00;10,31;7,54;8,04;9,11;60,71
12.03.2021 03:00;9,1;7,48;7,31;8,32;59,9
12.03.2021 04:00;7,54;6,83;6,68;7,65;60,12
12.03.2021 05:00;6,08;6,9;6,88;7,75;60,04
12.03.2021 06:00;4,56;6,83;7;7,73;61,1
12.03.2021 07:00;3,55;6,55;9,23;10,15;58,67
12.03.2021 08:00;2,65;6,25;15,38;17,59;55,31
12.03.2021 09:00;3,7;6,54;17,62;21,48;54,8
12.03.2021 10:00;6,52;6,48;12,21;15,75;61,4
12.03.2021 11:00;7,07;6,52;9,33;11,69;71,64
12.03.2021 12:00;5,87;6,26;7,79;10,02;73,43
12.03.2021 13:00;5,01;5,86;9,11;12,55;75,94
12.03.2021 14:00;5,07;5,97;10,14;13,43;79,32
12.03.2021 15:00;6,25;5,57;10,48;13,41;78,6
12.03.2021 16:00;7,01;-;10,28;13,54;79,12
12.03.2021 17:00;6,14;-;12,07;15,98;80,78
12.03.2021 18:00;6,46;7,26;14,9;20,19;76,34
12.03.2021 19:00;5,69;6,61;27,91;36,03;64,06
12.03.2021 20:00;9,61;7,36;39,45;50,13;53,59
12.03.2021 21:00;11,24;8,97;82,2;109,89;28,62
12.03.2021 22:00;16,34;6,58;83,55;104,66;7,18
12.03.2021 23:00;17,47;7,08;89,59;114,52;5,45
13.03.2021 00:00;24,37;12,38;104,53;137,26;-
13.03.2021 01:00;35,9;9,08;50,51;57,82;33,78
13.03.2021 02:00;37,28;7,55;46,17;51,74;33,39
13.03.2021 03:00;27,36;6,82;42,89;48;30,17
13.03.2021 04:00;20,19;6,8;50,39;57,6;21,92
13.03.2021 05:00;17,7;8,01;61,82;74,5;14,11
13.03.2021 06:00;15,1;7,54;72,21;97,37;3,71
13.03.2021 07:00;11,59;7,67;66,05;84,47;6,5
13.03.2021 08:00;8,73;9,11;91,47;140,57;3,21
13.03.2021 09:00;14,02;14,8;93,47;145,1;15,4
13.03.2021 10:00;35,31;15,57;64,34;92,63;35,43
13.03.2021 11:00;44,16;15,69;89,11;127,46;39,1
13.03.2021 12:00;58,85;22,8;84,38;115,77;48,45
13.03.2021 13:00;80,21;17,12;55,44;71,74;66,9
13.03.2021 14:00;72,56;12,8;53,04;66,36;75,42
13.03.2021 15:00;69,88;12,03;49,62;62,32;75,68
13.03.2021 16:00;67,07;9,08;44,22;55,16;75,47
13.03.2021 17:00;59,85;8,11;37,94;45,9;79,24
13.03.2021 18:00;48,92;7,9;44,08;51,96;69,8
13.03.2021 19:00;44,11;11,6;63,66;78,2;50,93
13.03.2021 20:00;46,64;11,42;119,4;167,37;11,08
13.03.2021 21:00;44,57;9,93;128,69;199,03;1,46
13.03.2021 22:00;41,26;11,04;119,36;174,34;2,81
13.03.2021 23:00;49,26;10,33;105,21;147,5;8,51
14.03.2021 00:00;49,7;8,98;78,08;98,68;14,54
14.03.2021 01:00;40,26;11,72;100,29;152,83;-
14.03.2021 02:00;37,26;10,12;91,54;137,06;-
14.03.2021 03:00;36,37;9,62;72,85;97,93;8,57
14.03.2021 04:00;35,06;9,45;62,23;73,57;11,27
14.03.2021 05:00;29,6;11,49;64,55;76,29;15,16
14.03.2021 06:00;25,69;11,15;66,12;75,24;11,72
14.03.2021 07:00;21,08;9,73;75,64;98,54;5,09
14.03.2021 08:00;23,41;9,91;69,67;92,27;3,85
14.03.2021 09:00;23,3;11,9;92,99;147,03;5,22
14.03.2021 10:00;26,13;13,37;50,17;67,36;29,86
14.03.2021 11:00;28,4;14,05;26,96;36,48;41,73
14.03.2021 12:00;28,32;23,31;24,53;32,63;51,58
14.03.2021 13:00;26,34;16,85;15,5;19,91;71,49
14.03.2021 14:00;26,02;12,53;12,17;15,02;80,97
14.03.2021 15:00;18,75;12,64;16,26;19,31;79,97
14.03.2021 16:00;16,58;13,46;16,99;20,01;79,22
14.03.2021 17:00;19,04;14,23;19,97;22,74;74,34
14.03.2021 18:00;16,78;14,37;23,3;24,92;69,9
14.03.2021 19:00;20,97;13,57;17,25;19,27;63,67
14.03.2021 20:00;19,47;13,29;24,43;27,35;46,63
14.03.2021 21:00;20,37;13,14;24,37;27,63;37,53
14.03.2021 22:00;15,13;14,32;24,32;27,11;39,01
14.03.2021 23:00;14,06;14,39;34,54;39,22;25,75
15.03.2021 00:00;19,5;14,58;43,81;52,62;28,66
15.03.2021 01:00;14,92;7,94;58,14;75,57;-
15.03.2021 02:00;13,6;7,18;-;-;19,51
15.03.2021 03:00;12,9;8,29;40,51;44,05;19,36
15.03.2021 04:00;14,97;8,27;32,42;34,92;23,32
15.03.2021 05:00;18,57;8,48;27,63;29,79;31,22
15.03.2021 06:00;17,93;9,54;39,57;44,94;14,86
15.03.2021 07:00;29,31;9,82;45,22;53,79;8
15.03.2021 08:00;25,68;12,94;52,28;69,3;4,8
15.03.2021 09:00;36,72;12,19;52;72,41;9,46
15.03.2021 10:00;34,48;11,83;55,39;74,37;15,67
15.03.2021 11:00;32,66;12,86;75,94;114,08;7,95
15.03.2021 12:00;37,05;11,8;62,76;84,16;16,88
15.03.2021 13:00;37,78;12,16;52,47;66,57;31,54
15.03.2021 14:00;27,86;12,97;48,77;63,41;40,13
15.03.2021 15:00;30,83;14,84;42,45;53,63;45,22
15.03.2021 16:00;33,6;14,45;40,05;49,04;48,17
15.03.2021 17:00;27,73;14,88;47,12;61,57;45,21
15.03.2021 18:00;32,11;14,49;41,45;51,39;47,07
15.03.2021 19:00;28,66;15,13;48,54;61,46;36,2
15.03.2021 20:00;28,05;15,16;42,66;50,68;29,77
15.03.2021 21:00;26,76;15,55;36,71;43,92;26,66
15.03.2021 22:00;21,94;14,8;47,24;54,71;24,59
15.03.2021 23:00;25,58;14,46;38,36;45,37;31,61
16.03.2021 00:00;20,12;14,55;27,37;32,69;43,43
16.03.2021 01:00;19,17;8,36;19,61;22,69;44,15
16.03.2021 02:00;25,26;8,63;28,88;32,22;34,13
16.03.2021 03:00;18,58;7,89;39,12;44,02;27,7
16.03.2021 04:00;13,82;8,41;19,38;21,17;52,49
16.03.2021 05:00;10,69;8,55;8,74;9,96;77,18
16.03.2021 06:00;9,33;8,18;6,78;7,87;76,87
16.03.2021 07:00;11,88;8,18;9,63;10,85;77,56
16.03.2021 08:00;8,43;8,79;17,77;20,26;75,5
16.03.2021 09:00;6,75;9,23;17,23;20,52;76,53
16.03.2021 10:00;4,98;9,07;13,81;17;77,25
16.03.2021 11:00;4,3;8,75;12,61;15,86;73,52
16.03.2021 12:00;3,85;8,71;13,18;17,24;74,77
16.03.2021 13:00;3,76;8,98;21,26;26,86;72,1
16.03.2021 14:00;3,59;8,03;14,09;18,37;75,87
16.03.2021 15:00;5,95;7,41;12,69;16,6;74,11
16.03.2021 16:00;6,34;7,61;12,61;16,38;78,37
16.03.2021 17:00;6,21;8,06;12,52;15,88;77,94
16.03.2021 18:00;5,76;8,08;14,13;17,35;76,46
16.03.2021 19:00;7,3;7,96;15,13;18,44;74,17
16.03.2021 20:00;8,22;7,82;25,82;30,26;64,11
16.03.2021 21:00;6,54;7,72;20,44;23,92;65,04
16.03.2021 22:00;5,09;7,78;13,11;15,77;70,83
16.03.2021 23:00;6,81;8,41;17,86;20,77;68,08
17.03.2021 00:00;7,39;8,44;18,6;20,69;67,42
17.03.2021 01:00;8,16;8,58;24,81;27,52;59,83
17.03.2021 02:00;12,33;8,91;20,63;23,33;53,43
17.03.2021 03:00;16,74;8,67;16,22;17,77;59,67
17.03.2021 04:00;17,71;7,94;9,98;11,14;71,19
17.03.2021 05:00;12,99;8,26;9,33;10,25;70,48
17.03.2021 06:00;10,55;8,13;12,58;13,83;65,73
17.03.2021 07:00;9,34;8,58;9,74;10,85;67,86
17.03.2021 08:00;13,69;8,61;22,22;25,4;58,61
17.03.2021 09:00;10,2;9,05;39,33;46,73;44,44
17.03.2021 10:00;7,6;8,81;33,23;38,78;50,24
17.03.2021 11:00;6,78;8,63;32,7;38,22;48,73
17.03.2021 12:00;8,82;8,84;30,08;35,5;50,59
17.03.2021 13:00;11,05;9,33;47,19;61,48;42,02
17.03.2021 14:00;14,15;10,1;25,8;34,47;62,77
17.03.2021 15:00;17,9;9,73;14,62;19,86;76,33
17.03.2021 16:00;12,99;8,86;13,76;18,19;81,12
17.03.2021 17:00;9,46;8,4;14,64;18,28;80,41
17.03.2021 18:00;8,75;8,4;16,21;20,12;77,12
17.03.2021 19:00;7,44;8,35;19,83;23,46;70,73
17.03.2021 20:00;8,84;8,54;76,35;101,68;30,01
17.03.2021 21:00;10,86;8,14;87,77;117,34;8,65
17.03.2021 22:00;8,25;7,97;61,62;75,03;23,74
17.03.2021 23:00;11,79;7,58;49,76;58,42;32,21
18.03.2021 00:00;16,5;7,35;44,53;52;35,07
18.03.2021 01:00;12,39;6,93;29,14;32,4;50,45
18.03.2021 02:00;11,47;7,01;28,91;32,28;50,17
18.03.2021 03:00;11,66;6,51;34,78;38,39;41,57
18.03.2021 04:00;9,46;6,94;13,58;14,64;61,42
18.03.2021 05:00;8,5;6,67;24,54;26,67;50,98
18.03.2021 06:00;7,41;6,82;14,45;15,36;57,22
18.03.2021 07:00;8,39;7,4;31,17;34,31;43,52
18.03.2021 08:00;6,13;7,03;39,84;43,76;37,33
18.03.2021 09:00;5,6;6,62;23,49;26,67;45,41
18.03.2021 10:00;6,87;7,05;27,3;35,21;49,87
18.03.2021 11:00;6,91;7,75;30,08;41,24;55,56
18.03.2021 12:00;16,08;7,86;44,19;62,54;52,59
18.03.2021 13:00;21,92;8,94;27,99;37,32;69,78
18.03.2021 14:00;19,81;7,36;14,92;19,81;79,94
18.03.2021 15:00;14,63;6,52;12,71;17,25;81,76
18.03.2021 16:00;13,64;6,33;15,36;19,45;79,35
18.03.2021 17:00;10,76;5,49;16,18;20,68;80,44
18.03.2021 18:00;11,69;5,29;13,98;17,23;81,44
18.03.2021 19:00;13,45;5,29;24,77;28,2;68,49
18.03.2021 20:00;18,2;5,92;38,96;45,14;52,22
18.03.2021 21:00;14,18;5,92;57,15;69,35;33,12
18.03.2021 22:00;17,38;6;36,83;42,01;46,22
18.03.2021 23:00;14,84;5,91;18,45;20,92;64,84
19.03.2021 00:00;10,68;6,09;16,92;18,99;64,36
19.03.2021 01:00;9;8,4;18,27;20,44;56,76
19.03.2021 02:00;6,33;9;25,32;28,17;55,52
19.03.2021 03:00;4,6;8,97;17,28;19,05;60,34
19.03.2021 04:00;3,77;9,11;10,94;11,87;61,08
19.03.2021 05:00;6,72;9,2;15,31;16,42;54,86
19.03.2021 06:00;5,51;9,5;12,01;13,22;59,07
19.03.2021 07:00;4,78;9,61;39,33;44,43;32,26
19.03.2021 08:00;3,96;9,52;42,26;51,06;31,19
19.03.2021 09:00;5,76;10,08;48,87;66,41;34,37
19.03.2021 10:00;14,02;12,3;71,68;105,55;32,54
19.03.2021 11:00;30,23;11,87;38,66;52,08;54,1
19.03.2021 12:00;36,48;13,09;29;37,79;62,73
19.03.2021 13:00;33,37;18,81;26,58;34,66;70,86
19.03.2021 14:00;36,68;12,93;21,91;27,56;75,71
19.03.2021 15:00;34,71;11,84;26,77;32,53;75,42
19.03.2021 16:00;25,83;10,55;23,97;28,94;74,21
19.03.2021 17:00;24,93;9,81;20,55;24,85;76,2
19.03.2021 18:00;18,85;9,63;13,88;16,91;77,2
19.03.2021 19:00;19,71;10,12;19,76;23,03;75
19.03.2021 20:00;20,62;10,23;29,42;33,7;66,01
19.03.2021 21:00;20,26;10,49;28,39;32,68;63,68
19.03.2021 22:00;16,67;11,49;39,53;44,06;50,25
19.03.2021 23:00;16,93;11,51;26,8;29,59;58,17
20.03.2021 00:00;18,04;11,55;19,84;21,93;65,88
20.03.2021 01:00;13,8;8,46;22,93;25,34;62,7
20.03.2021 02:00;14,12;8,39;15,42;17,59;69,06
20.03.2021 03:00;11,59;8,82;13,71;15,24;66,21
20.03.2021 04:00;11,91;8,75;10,83;11,77;72,83
20.03.2021 05:00;9,28;9,02;18,93;19,99;65,44
20.03.2021 06:00;10,35;8,59;14,38;15,38;65,23
20.03.2021 07:00;11,69;9,86;28,68;31,85;39,17
20.03.2021 08:00;14,05;9,47;58,17;70,83;13,56
20.03.2021 09:00;20,6;9,44;53,29;65,33;21,62
20.03.2021 10:00;24,4;9,91;37,78;47,56;32,84
20.03.2021 11:00;27,03;10,78;79,72;118,3;28,67
20.03.2021 12:00;29,41;12,41;45,94;62,84;47,73
20.03.2021 13:00;28,81;10,66;21,43;27,36;71,48
20.03.2021 14:00;26,44;10,74;22,55;28,54;73,54
20.03.2021 15:00;21,07;11,02;26,03;33,74;72,06
20.03.2021 16:00;28,08;10,32;32,7;40,89;63,36
20.03.2021 17:00;21,55;10,3;30,47;38,52;63,15
20.03.2021 18:00;25,49;10,55;37,39;45,04;53,96
20.03.2021 19:00;22,4;10,21;23,02;26,78;61,1
20.03.2021 20:00;22,88;10,98;43,28;52,22;44,06
20.03.2021 21:00;22,75;11,02;55,57;63,95;28,97
20.03.2021 22:00;19,79;10,85;24,48;27,88;47,48
20.03.2021 23:00;17,17;10,93;61,65;80,86;15,75
21.03.2021 00:00;13,82;10,96;42,06;49,45;29,13
21.03.2021 01:00;12,54;6,36;30,4;38,79;45,4
21.03.2021 02:00;10,09;6,8;16,81;20,4;48,04
21.03.2021 03:00;13,78;7,2;16,13;18,29;46,19
21.03.2021 04:00;14,11;7,03;16,32;19,02;44,71
21.03.2021 05:00;16,04;7,64;18,86;20,68;34,03
21.03.2021 06:00;16,13;7,79;13,46;14,56;41,12
21.03.2021 07:00;14,33;8,24;24,87;27,94;22,99
21.03.2021 08:00;11,33;8,24;44,86;60,12;11,52
21.03.2021 09:00;18,83;8,67;40,62;56,1;18,45
21.03.2021 10:00;24,92;10,91;36,7;50,33;37,2
21.03.2021 11:00;23,44;9,99;28,56;38,39;51,4
21.03.2021 12:00;20,34;10,65;34,26;46,92;55,82
21.03.2021 13:00;34,5;16,09;32,68;41,12;69,32
21.03.2021 14:00;46,27;12,31;20,98;26,26;73,39
21.03.2021 15:00;41,68;11,1;17,52;21,86;75,87
21.03.2021 16:00;38,5;10,08;11,9;14,95;77,51
21.03.2021 17:00;39,91;10;8,91;10,84;75,2
21.03.2021 18:00;46,43;9,32;9,79;12,29;69,88
21.03.2021 19:00;43,01;9,7;15,58;18,18;60,98
21.03.2021 20:00;49,83;10,02;17,25;19,52;53,24
21.03.2021 21:00;41,58;11,35;29,47;32,93;43,33
21.03.2021 22:00;41,09;10,9;33,03;37,22;35,63
21.03.2021 23:00;43,19;13,02;65,48;85,42;13,82
22.03.2021 00:00;44,82;11,44;61,98;84,21;9,29
22.03.2021 01:00;53,59;9,9;37,33;45,57;28,51
22.03.2021 02:00;49,65;10,19;56,6;75;-
22.03.2021 03:00;45,83;8,59;58,85;72,74;3,95
22.03.2021 04:00;51,36;6,84;45,81;56,99;10,16
22.03.2021 05:00;57,3;6,46;28,46;32,41;23,34
22.03.2021 06:00;58,09;8,34;54,48;66,46;-
22.03.2021 07:00;49,84;11,57;50,22;62,36;10,89
22.03.2021 08:00;57,61;8,32;56,12;72,52;12,5
22.03.2021 09:00;63,35;8,67;68,33;97,34;2,44
22.03.2021 10:00;61,08;9,52;63,09;87,88;12,68
22.03.2021 11:00;-;-;-;-;-
22.03.2021 12:00;-;144,68;-;-;29,42
22.03.2021 13:00;-;10,6;29,17;37,22;44,14
22.03.2021 14:00;54,58;21,73;-;-;56,49
22.03.2021 15:00;160,88;20,05;-;-;58,42
22.03.2021 16:00;189,83;20,06;-;-;60,35
22.03.2021 17:00;208,32;20,29;-;-;63,74
22.03.2021 18:00;201,02;20,38;-;-;64,23
22.03.2021 19:00;185,35;20,28;-;-;68,34
22.03.2021 20:00;157,3;20,96;-;-;62,59
22.03.2021 21:00;132,68;20,96;-;-;59,9
22.03.2021 22:00;121,37;21,42;-;-;48,87
22.03.2021 23:00;118,89;22,03;-;-;46,02
23.03.2021 00:00;110,71;21,44;-;-;36,51
23.03.2021 01:00;100,75;13,88;27,88;32,57;47,18
23.03.2021 02:00;103,39;-;-;-;-
23.03.2021 03:00;112,25;15,34;25,68;27,45;55,08
23.03.2021 04:00;118,12;16,06;31,76;34,33;39,69
23.03.2021 05:00;123,25;14,44;15,88;17,15;54,17
23.03.2021 06:00;128,97;12,21;10,52;11,94;66,7
23.03.2021 07:00;131,85;12,3;13,13;14,7;61,17
23.03.2021 08:00;112,19;11,91;20,1;23,48;52,6
23.03.2021 09:00;81,21;11,9;32,29;39,19;40,95
23.03.2021 10:00;65,57;12,01;28,54;33,85;45,09
23.03.2021 11:00;52,35;12,77;46,81;57,38;27,26
23.03.2021 12:00;42,98;12,37;29,43;37,77;46,47
23.03.2021 13:00;43,8;12,56;31,83;36,97;42,8
23.03.2021 14:00;53,63;12,95;30,54;38,24;45,74
23.03.2021 15:00;59,38;12,88;40,61;49,06;30,35
23.03.2021 16:00;55,22;12,41;16,83;21,11;53,23
23.03.2021 17:00;36,17;13,02;11,98;15,42;56,33
23.03.2021 18:00;24,59;12,68;17,13;21,5;54,2
23.03.2021 19:00;17,26;13,63;16,09;19,46;59,79
23.03.2021 20:00;15,68;14,02;18,02;20,38;61,44
23.03.2021 21:00;18,3;14,74;33,29;39,85;39,85
23.03.2021 22:00;16,11;14,36;14,92;17,92;51,89
23.03.2021 23:00;11,91;13,67;16,77;18,79;46,9
24.03.2021 00:00;8,96;13,27;10,61;12,15;49,64
24.03.2021 01:00;6,33;11,22;10,36;11,5;57,28
24.03.2021 02:00;4,59;11,53;7,69;8,46;60,31
24.03.2021 03:00;3,76;11,4;6,97;7,73;61,02
24.03.2021 04:00;3,19;11,24;6,6;7,35;60,45
24.03.2021 05:00;2,51;11,63;5,79;6,19;66,25
24.03.2021 06:00;2,21;11,5;6,61;7,52;69,6
24.03.2021 07:00;2,09;11,25;6,94;7,57;70,28
24.03.2021 08:00;1,92;11,6;10,23;11,4;64,06
24.03.2021 09:00;1,71;11,71;12,08;14,37;65,26
24.03.2021 10:00;1,81;11,35;10,55;13,66;63,74
24.03.2021 11:00;1,83;11,57;11,1;14,72;63,77
24.03.2021 12:00;1,74;11,65;9,23;12,38;66,08
24.03.2021 13:00;1,78;11,56;12,55;15,46;63,39
24.03.2021 14:00;1,82;11,23;17,27;20,61;62,57
24.03.2021 15:00;1,82;11,07;17,99;20,9;68,68
24.03.2021 16:00;2,01;10,9;12,44;14,31;73,56
24.03.2021 17:00;2,29;10,6;16,23;18,27;71,24
24.03.2021 18:00;2,33;10,58;20,39;22,32;64,65
24.03.2021 19:00;2,36;10,54;20,25;22,23;64,53
24.03.2021 20:00;2,35;10,37;17,77;19,47;64,85
24.03.2021 21:00;2,37;10,14;9,62;10,97;66,86
24.03.2021 22:00;2,39;9,98;8,7;9,91;61,75
24.03.2021 23:00;2,46;9,85;7,99;9,02;61,62
25.03.2021 00:00;2,48;9,85;7,24;8,12;62,94
25.03.2021 01:00;2,49;10,76;6,85;7,69;64,15
25.03.2021 02:00;2,48;10,24;6,15;6,88;63,82
25.03.2021 03:00;2,41;10,23;5,94;6,57;65,67
25.03.2021 04:00;2,37;10,1;5,45;5,96;65,38
25.03.2021 05:00;2,37;9,93;5,1;5,6;65,12
25.03.2021 06:00;2,36;10,01;4,61;5,03;69,37
25.03.2021 07:00;2,32;9,99;6,79;7,2;70,27
25.03.2021 08:00;2,25;10,54;18,1;21,39;60,34
25.03.2021 09:00;2,19;9,79;16,35;20,02;64,33
25.03.2021 10:00;2,17;9,54;11,91;15,86;69,56
25.03.2021 11:00;2,21;10,16;7,63;10,19;74,24
25.03.2021 12:00;2,25;9,74;9,83;12,68;76,28
25.03.2021 13:00;2,61;9,07;9,65;12,31;82,43
25.03.2021 14:00;3,17;8,87;9,14;11,28;84,54
25.03.2021 15:00;3,32;8,76;10,29;13,36;87,59
25.03.2021 16:00;3,43;8,99;9,06;11,47;89,69
25.03.2021 17:00;3,48;8,73;9,67;11,89;88,97
25.03.2021 18:00;5,29;8,35;12,13;14,21;87,36
25.03.2021 19:00;8,48;8,23;14,12;15,82;81,93
25.03.2021 20:00;11,35;8,49;17,83;19,24;76,84
25.03.2021 21:00;13,29;8,67;17,07;18,57;78,06
25.03.2021 22:00;10,37;8,37;11,94;12,78;84,37
25.03.2021 23:00;8,3;8,83;13,25;13,93;83,3
26.03.2021 00:00;6,11;8,56;11,69;12,25;86,33
26.03.2021 01:00;4,89;11,18;-;-;88,87
26.03.2021 02:00;3,99;11,24;6,01;6,44;80,97
26.03.2021 03:00;3,07;11,65;8,91;9,4;73,53
26.03.2021 04:00;2,94;11,13;7,32;7,74;74,42
26.03.2021 05:00;2,96;11,38;6,04;6,47;75,64
26.03.2021 06:00;2,73;11,4;6,74;7,2;73,78
26.03.2021 07:00;2,53;11,17;8,77;9,35;68,68
26.03.2021 08:00;2,2;10,76;9,68;11,1;66,08
26.03.2021 09:00;1,93;11,1;9,45;11,81;68,64
26.03.2021 10:00;1,83;10,58;8;10,38;72,11
26.03.2021 11:00;2,03;10,54;8,76;11,43;74,33
26.03.2021 12:00;3,25;10,05;8,97;11,48;74,96
26.03.2021 13:00;5,06;9,87;8,79;10,98;77,72
26.03.2021 14:00;5,68;9,56;8,55;10,59;80,74
26.03.2021 15:00;4,91;9,63;8,98;11,03;83,2
26.03.2021 16:00;5,94;8,97;8,34;10,08;83,55
26.03.2021 17:00;7,58;8,86;9,66;11,69;84,57
26.03.2021 18:00;7,1;8,96;15,73;19,17;78,85
26.03.2021 19:00;7,14;8,46;14,17;16,14;78,78
26.03.2021 20:00;5,24;8,9;12,73;14,12;77,09
26.03.2021 21:00;4,87;9,51;14,41;16,16;72,18
26.03.2021 22:00;5,63;9,46;9,96;11,42;77,78
26.03.2021 23:00;4,06;9,87;9,8;10,61;77,63
27.03.2021 00:00;4,06;10,07;11,13;12,23;72,73
27.03.2021 01:00;5,12;11,65;12,35;13,52;69,36
27.03.2021 02:00;4,47;11,75;10,72;11,45;70,38
27.03.2021 03:00;4,4;11,16;8,07;8,75;70,21
27.03.2021 04:00;5,27;11,13;8,03;8,67;71,19
27.03.2021 05:00;4,87;11,4;6,86;7,37;72,67
27.03.2021 06:00;4,89;11,41;6,87;7,3;73,5
27.03.2021 07:00;5,53;11,43;9,26;9,94;73,33
27.03.2021 08:00;5,28;15,39;34,87;44,81;44,03
27.03.2021 09:00;5,17;14,21;48,35;69,62;35,49
27.03.2021 10:00;7,16;12,15;35,05;49,49;56,62
27.03.2021 11:00;10,71;11,24;15,27;19,97;68,05
27.03.2021 12:00;13,24;9,18;11,22;13,41;73,42
27.03.2021 13:00;16,17;9,14;10,89;13,21;75,45
27.03.2021 14:00;17,35;8,74;9,61;11,86;82,24
27.03.2021 15:00;17,77;8,62;12,29;15,34;83,71
27.03.2021 16:00;18,08;7,9;13,47;16,69;82,74
27.03.2021 17:00;15,95;7,8;16,37;19,62;80,3
27.03.2021 18:00;11,59;8,06;16,44;19,86;78,93
27.03.2021 19:00;10,06;8,04;23,4;27,08;73,06
27.03.2021 20:00;12,05;8,53;38,08;41,56;50,79
27.03.2021 21:00;14,03;9,25;45,13;48,08;44,89
27.03.2021 22:00;13,55;7,88;26,83;28,39;64,28
27.03.2021 23:00;12,77;8,79;27,66;29,65;61,74
28.03.2021 00:00;10,9;8,96;35,11;37,88;46,34
28.03.2021 01:00;11,42;13,07;34,22;40,62;48,22
28.03.2021 02:00;13,78;12,73;38,98;43,12;36,68
28.03.2021 03:00;12,65;11,19;43,76;51,9;21,16
28.03.2021 04:00;14,18;10,24;48,81;58,9;16,13
28.03.2021 05:00;15,28;8,76;20;21,38;51,93
28.03.2021 06:00;14,62;9,05;22,36;23,41;59,97
28.03.2021 07:00;11;9,61;28,79;31;44,97
28.03.2021 08:00;7,96;9,27;22,91;25,54;54,63
28.03.2021 09:00;6,77;9,85;11,35;13,07;76,91
28.03.2021 10:00;10,13;11,4;8,08;9,5;83,51
28.03.2021 11:00;15,48;9,36;7,03;8,76;89,27
28.03.2021 12:00;15,75;8,84;6,73;8,4;89,56
28.03.2021 13:00;14,58;8,91;8,63;10,01;89,76
28.03.2021 14:00;13,64;8,81;9,68;12,84;93,14
28.03.2021 15:00;18,46;9,08;7,89;9,28;97,19
28.03.2021 16:00;18,7;9,55;8,9;11,28;96,26
28.03.2021 17:00;14,61;9,91;9,41;11,23;93,32
28.03.2021 18:00;13,33;10,79;11,48;13,01;93,06
28.03.2021 19:00;14,51;10,85;18,93;21,33;83,16
28.03.2021 20:00;11,79;15,4;33,44;37,41;65,01
28.03.2021 21:00;14,86;9,5;65,88;80,92;19,46
28.03.2021 22:00;17,55;8,7;55,27;64,83;23,71
28.03.2021 23:00;16,11;8,18;27,15;28,85;51,12
29.03.2021 00:00;16,59;8,09;24,68;26,47;58,05
29.03.2021 01:00;15,92;12,15;17,41;18,6;60,25
29.03.2021 02:00;18,59;12,94;15,96;16,75;63,03
29.03.2021 03:00;20,15;13,26;14,36;15,04;63,24
29.03.2021 04:00;18,56;13,08;8,17;8,44;67,49
29.03.2021 05:00;18,56;13,31;6,47;6,74;69,15
29.03.2021 06:00;14,66;13,41;7,45;7,72;66,97
29.03.2021 07:00;11,39;13,56;15,55;16,2;59,81
29.03.2021 08:00;9,76;13,84;25,74;29,61;52,58
29.03.2021 09:00;13;14,32;20,8;25,49;63,6
29.03.2021 10:00;21,59;14,45;15,45;19,87;72,45
29.03.2021 11:00;22,29;13,76;9,9;11,89;87,37
29.03.2021 12:00;18,32;13,6;11,4;13,79;89,23
29.03.2021 13:00;16,96;13,56;12,91;16,05;89,37
29.03.2021 14:00;18,12;14,16;11,53;13,92;92,6
29.03.2021 15:00;18,17;14,2;11,09;13,53;95,03
29.03.2021 16:00;15,58;14,68;12,25;14,65;98,46
29.03.2021 17:00;14,79;14,93;13,68;16,06;101,7
29.03.2021 18:00;13,36;14,86;17,19;19,81;99,43
29.03.2021 19:00;15,54;15,31;24,95;27,13;88,72
29.03.2021 20:00;14,3;14,74;55,4;60,45;42,77
29.03.2021 21:00;13,75;14,21;27,31;30,05;61,16
29.03.2021 22:00;15,52;14,87;21,55;23,42;66,4
29.03.2021 23:00;17,7;14,72;19,04;20,42;69,6
30.03.2021 00:00;21,16;14,36;15,9;17,49;60,38
30.03.2021 01:00;22,99;12,06;-;-;55,33
30.03.2021 02:00;19,62;12,25;12,49;13,82;51,5
30.03.2021 03:00;18,35;12,96;11,01;12,11;53,76
30.03.2021 04:00;20,95;13,55;9,39;10,07;58,47
30.03.2021 05:00;14,81;14;9,05;9,67;57,04
30.03.2021 06:00;10,89;14,5;11,26;11,98;56,02
30.03.2021 07:00;4.084,56;14,64;13,47;14,19;57,3
30.03.2021 08:00;5.072,88;15,14;21,6;24,31;52,11
30.03.2021 09:00;26,18;15,27;24,92;28,37;51,75
30.03.2021 10:00;5,5;15,32;27,03;31,59;48,93
30.03.2021 11:00;11,48;14,63;24,7;29,35;47,87
30.03.2021 12:00;12,61;14,63;19,6;22,98;58,17
30.03.2021 13:00;11,65;14,7;16,24;18,92;62,22
30.03.2021 14:00;22,4;14,83;14,88;18,68;69,76
30.03.2021 15:00;21,05;14,62;13,76;18,24;71,81
30.03.2021 16:00;9,41;14;14,9;19,51;70,94
30.03.2021 17:00;15,35;14,33;17,15;20,63;70,73
30.03.2021 18:00;16,73;13,98;22,68;25,57;63,97
30.03.2021 19:00;-;-;-;-;-
30.03.2021 20:00;-;-;-;-;-
30.03.2021 21:00;24,44;14,44;46;49,79;40,56
30.03.2021 22:00;12,19;14,52;42,63;44,99;38,09
30.03.2021 23:00;18,75;13,88;57,17;60,4;17,76
31.03.2021 00:00;25,17;11,79;43,03;45,11;35,78
31.03.2021 01:00;11,1;12,31;20,22;21,15;63,52
31.03.2021 02:00;13,11;12,72;19,5;20,34;62,57
31.03.2021 03:00;14,4;12,88;20,9;21,73;51,33
31.03.2021 04:00;13,69;12,53;12,84;13,53;58,67
31.03.2021 05:00;17,59;12,63;8,59;9,3;67,96
31.03.2021 06:00;19,91;13,19;8,42;9,03;61,13
31.03.2021 07:00;16,13;13,52;11;11,92;51,85
31.03.2021 08:00;7,95;13,74;15,19;17,15;46,11
31.03.2021 09:00;8,14;13,72;16,09;18,91;46,57
31.03.2021 10:00;12,51;14,08;13,86;16,67;47,48
31.03.2021 11:00;13,67;14,44;10,58;13,32;53,05
31.03.2021 12:00;18,19;14,46;11,49;14,19;54,54
31.03.2021 13:00;15,16;14,64;15,92;19,84;53,02
31.03.2021 14:00;21,7;14,68;14,45;18,05;59,5
31.03.2021 15:00;30,14;14,78;14,57;17,69;63,54
31.03.2021 16:00;25,39;15,02;15,49;18,75;68,09
31.03.2021 17:00;19,99;15,64;16,62;20,44;70,87
31.03.2021 18:00;20,22;15,81;16,84;19,75;72,94
31.03.2021 19:00;17,93;16,07;22,41;24,98;66,64
31.03.2021 20:00;17,02;16;24;26,1;57,9
31.03.2021 21:00;13,95;15,41;29;31,73;51,93
31.03.2021 22:00;13,28;16,07;18,23;19,66;61,02
31.03.2021 23:00;13,79;15,87;19,59;22,29;59,87
1.04.2021 00:00;12,97;16,52;18,15;19,82;61,79
1.04.2021 01:00;9,97;11,4;35,05;37,84;41,98
1.04.2021 02:00;9,83;11,5;43,54;47,72;28,09
1.04.2021 03:00;11,68;11,24;33,37;35,59;43,61
1.04.2021 04:00;11,04;10,33;41,51;44,12;30,95
1.04.2021 05:00;9,73;10,26;38,34;43,72;26,91
1.04.2021 06:00;7,6;11,05;46,91;52,11;13,77
1.04.2021 07:00;10,56;10,76;34,93;39,06;29,07
1.04.2021 08:00;16,73;9,89;56,64;70,92;11,38
1.04.2021 09:00;17,73;8,77;44,4;52,7;21,41
1.04.2021 10:00;19,67;8,43;21,6;25,07;50,72
1.04.2021 11:00;17,93;8,53;16,3;19,15;54,23
1.04.2021 12:00;19,67;8,81;15,51;18,31;57,98
1.04.2021 13:00;19,75;8,93;15;18,27;62,39
1.04.2021 14:00;25,04;9,45;22,19;28,32;60,96
1.04.2021 15:00;27,59;9,08;24,24;30,76;67,8
1.04.2021 16:00;25,09;9,08;18,78;22,66;76,45
1.04.2021 17:00;22,53;9,43;17,33;19,85;81,03
1.04.2021 18:00;23,22;9,11;22,18;25,27;71,92
1.04.2021 19:00;21,06;9,08;25,2;27,55;64,84
1.04.2021 20:00;17,23;9,52;35,19;39,32;44,56
1.04.2021 21:00;19,47;9,9;26,93;32;52,12
1.04.2021 22:00;19,13;8,99;18,79;20,85;76,7
1.04.2021 23:00;13,63;9,53;25,92;28,08;63,16
2.04.2021 00:00;9,5;10,23;28,24;31,36;40,88
2.04.2021 01:00;6,63;9,92;14,75;15,77;51,32
2.04.2021 02:00;4,63;9,96;17,76;19,08;47,99
2.04.2021 03:00;3,49;10,02;13,48;14,64;53,52
2.04.2021 04:00;3,45;10,29;14,22;15,42;53,83
2.04.2021 05:00;5,83;10,58;13,3;14,09;56,53
2.04.2021 06:00;8,53;10,75;14,69;15,98;53,98
2.04.2021 07:00;6,4;10,93;22,52;23,96;42,46
2.04.2021 08:00;6,35;11,1;62,55;91,29;11,91
2.04.2021 09:00;7,01;9,95;30,1;41,46;44,82
2.04.2021 10:00;5,21;9,2;22,56;28,7;57,3
2.04.2021 11:00;7,6;9,61;13,58;17,61;81,68
2.04.2021 12:00;12,8;9,46;13,8;16,37;87,38
2.04.2021 13:00;12,85;9,48;19,04;23,5;89,67
2.04.2021 14:00;16,58;9,45;14,98;18,54;95,41
2.04.2021 15:00;18,84;9,82;15,68;18,71;94,94
2.04.2021 16:00;14,97;9,92;12,49;14,66;97,52
2.04.2021 17:00;11,13;10,3;14,92;17,42;95,68
2.04.2021 18:00;8,26;10,08;15,2;17,37;88,2
2.04.2021 19:00;8,5;10,52;21,89;24,77;80,31
2.04.2021 20:00;12,18;11,41;37,84;43,08;59,64
2.04.2021 21:00;15,38;11,12;48,37;55,62;36,92
2.04.2021 22:00;14,57;10,68;32,31;36,44;48,61
2.04.2021 23:00;12,72;11,35;20,56;23,5;59,24
3.04.2021 00:00;15,88;12,28;14,95;16,46;63,85
3.04.2021 01:00;18,44;11,97;23,75;26,7;52,76
3.04.2021 02:00;19,71;11,98;17,82;22,19;59,64
3.04.2021 03:00;19,05;11,97;15,49;16,53;61,7
3.04.2021 04:00;16,94;12,47;17,9;18,92;61,82
3.04.2021 05:00;17,19;12,63;16,83;18,06;63,48
3.04.2021 06:00;18,24;12,73;14,46;15,19;66,56
3.04.2021 07:00;18,08;13,27;33,14;38,99;43,05
3.04.2021 08:00;19,62;13,15;37,01;46,31;45,2
3.04.2021 09:00;25,13;13,97;25,95;34,26;51,52
3.04.2021 10:00;28,84;14,75;21,72;29,71;52,2
3.04.2021 11:00;35,63;13,69;20,36;26,3;72,74
3.04.2021 12:00;32,22;13,71;22,24;28,02;82,44
3.04.2021 13:00;28,15;12,93;15,04;19,01;94,3
3.04.2021 14:00;32,05;12,88;11,4;14,11;97,67
3.04.2021 15:00;32,27;12,25;9,96;12,38;98,13
3.04.2021 16:00;29,73;13,14;14,61;17,74;96,62
3.04.2021 17:00;23,06;12,53;11,08;13,15;89,91
3.04.2021 18:00;20,21;12,69;10,25;11,81;87,8
3.04.2021 19:00;16,47;13,37;15,65;17,91;83,33
3.04.2021 20:00;12,35;13,9;46,47;50,98;45,11
3.04.2021 21:00;16,54;12,77;29,32;33,24;55,74
3.04.2021 22:00;24,49;12,95;10,65;11,81;77,51
3.04.2021 23:00;18,47;13,28;10,8;11,87;75,77
4.04.2021 00:00;15,31;13,19;11,49;12,67;71,17
4.04.2021 01:00;12,39;11,45;8,26;9,3;76,3
4.04.2021 02:00;11,88;11,47;6,48;7,26;78,44
4.04.2021 03:00;12,84;11,58;8,76;9,64;79,85
4.04.2021 04:00;14,76;11,77;7,85;8,27;79,86
4.04.2021 05:00;11,93;12,64;22,22;23,79;38,03
4.04.2021 06:00;10,95;11,87;8,36;9,28;84,46
4.04.2021 07:00;10,33;12,4;8,26;8,77;86,36
4.04.2021 08:00;12,73;13,29;11,92;13,93;70,6
4.04.2021 09:00;15,84;12,89;10,68;12,51;85,79
4.04.2021 10:00;14,73;13,13;12,2;14,81;81,25
4.04.2021 11:00;12,64;12,53;9,45;11,77;84,03
4.04.2021 12:00;11,92;12,7;10,18;12,58;82,62
4.04.2021 13:00;13,81;13,38;11,34;14,18;78,74
4.04.2021 14:00;21,35;13,4;12,43;15,97;76,09
4.04.2021 15:00;24,53;13,44;7,22;9,14;74,03
4.04.2021 16:00;25,64;14,09;10,18;12,5;74,07
4.04.2021 17:00;27,24;14,38;8,13;9,99;74,96
4.04.2021 18:00;32,06;14,64;9,46;11,24;78,27
4.04.2021 19:00;25,8;15,48;11,41;13,74;72,07
4.04.2021 20:00;21,4;15,69;11,9;13,57;73,7
4.04.2021 21:00;22,79;16,19;13,97;16,07;66,65
4.04.2021 22:00;23,61;16,14;12,45;13,97;72,49
4.04.2021 23:00;22,56;17,01;25,59;27,72;53,74
5.04.2021 00:00;20,35;17,9;26,91;29,27;46,02
5.04.2021 01:00;19,28;14,87;25,31;27,79;45,6
5.04.2021 02:00;22,26;13,46;16,69;17,93;53,05
5.04.2021 03:00;28,27;12,23;8,81;9,98;68,64
5.04.2021 04:00;30,66;12,44;10,82;11,51;65,09
5.04.2021 05:00;27,86;11,86;11,37;12,33;65,58
5.04.2021 06:00;30,92;12,74;20,59;22,14;51,19
5.04.2021 07:00;28,62;12,55;20,13;22,14;50,78
5.04.2021 08:00;25,44;12,9;41,07;50,22;29,87
5.04.2021 09:00;28,52;13,05;47,41;58,29;26,46
5.04.2021 10:00;32,24;13,1;50,64;65,2;29,34
5.04.2021 11:00;43,71;11,88;29,8;37,64;58,57
5.04.2021 12:00;47,67;9,27;11,98;15,27;79,52
5.04.2021 13:00;46,61;9,2;8,99;11,19;77,93
5.04.2021 14:00;48,11;8,88;8,65;10,83;77,69
5.04.2021 15:00;48,52;9,48;12,82;15,71;75,37
5.04.2021 16:00;48,41;9,65;12,36;15,85;74,61
5.04.2021 17:00;46,6;9,39;11,12;14;74,02
5.04.2021 18:00;47,36;9,72;14,08;16,45;73,18
5.04.2021 19:00;42,08;10,14;12,68;15,06;73,74
5.04.2021 20:00;41,37;10,46;12,26;14,12;73,95
5.04.2021 21:00;40,27;10,77;16,57;18,54;70,27
5.04.2021 22:00;34,27;11,03;21,9;23,98;64,19
5.04.2021 23:00;28,45;11,61;26,79;29,99;52,28
6.04.2021 00:00;30,15;12,49;34,19;38,59;41,38
6.04.2021 01:00;30,66;14,16;40,62;45,1;24,55
6.04.2021 02:00;31,57;13,37;46,88;66,87;32,62
6.04.2021 03:00;32,32;14,8;43,29;52,39;16,57
6.04.2021 04:00;33,61;13,09;45,93;52,79;13,92
6.04.2021 05:00;32,29;9,96;49,77;60,89;10,29
6.04.2021 06:00;28,78;11,14;30,5;36,46;21,13
6.04.2021 07:00;30,18;10,42;43,75;57,64;10,22
6.04.2021 08:00;28,07;9,56;31,32;42,68;41,83
6.04.2021 09:00;27,42;8,06;25,93;31,43;51,23
6.04.2021 10:00;32,31;11,47;50,66;69,18;16,72
6.04.2021 11:00;40,7;13,24;70,36;112,81;13,86
6.04.2021 12:00;45,95;10,78;71,44;105,14;28,61
6.04.2021 13:00;55,88;10,83;68,68;91,66;35,37
6.04.2021 14:00;63,45;8,01;34,15;44,7;58,1
6.04.2021 15:00;64,77;6,47;20,81;27,85;64,44
6.04.2021 16:00;66,3;4,89;18,04;23,63;65,14
6.04.2021 17:00;76,32;4,7;18,81;24,79;56,9
6.04.2021 18:00;87,77;4,52;13,06;16,55;59,95
6.04.2021 19:00;93,28;4,48;12,36;14,68;59,45
6.04.2021 20:00;103,64;5,1;24,91;30,03;45,95
6.04.2021 21:00;107,03;6,58;42,9;52,91;32,85
6.04.2021 22:00;101,22;6,39;34,47;39,43;44,44
6.04.2021 23:00;91,01;8,6;33,76;38,78;36,51
7.04.2021 00:00;85,66;7,61;32,31;38,46;42,71
7.04.2021 01:00;83,23;14,99;18,99;20,9;62,52
7.04.2021 02:00;72,98;14;18,35;20,47;71,29
7.04.2021 03:00;65,2;13,59;15,1;16,79;75,53
7.04.2021 04:00;60,13;14,15;18,71;21,12;70,85
7.04.2021 05:00;52,01;13,01;10,89;11,49;78,78
7.04.2021 06:00;46,19;13,59;24,31;26,12;67,89
7.04.2021 07:00;45,52;15,64;24,54;27,57;53,3
7.04.2021 08:00;50,92;16,13;40,8;50,34;50,3
7.04.2021 09:00;61,88;15,53;34,04;44,69;56,9
7.04.2021 10:00;68,73;15,21;22,92;28,48;76,42
7.04.2021 11:00;80,76;14,46;17,02;21,51;87,66
7.04.2021 12:00;85,64;13,4;13,79;17,46;93,47
7.04.2021 13:00;76,86;13,69;12,88;15,75;96,3
7.04.2021 14:00;67,06;13,91;10,89;13,6;99,04
7.04.2021 15:00;58,16;13,91;9,49;11,55;99,94
7.04.2021 16:00;52,37;14,16;9,48;11,42;99,65
7.04.2021 17:00;43,17;14,27;11,73;14,84;99,98
7.04.2021 18:00;34,6;14,29;14,2;16,78;97,88
7.04.2021 19:00;33,1;15,26;17,03;18,98;91
7.04.2021 20:00;34,45;15,7;14,29;15,7;89,49
7.04.2021 21:00;32,47;16,18;22,76;25,42;76,68
7.04.2021 22:00;28;16,57;15,5;17,03;84,29
7.04.2021 23:00;29,04;16,92;13,87;15,43;84,89
8.04.2021 00:00;29,48;16,91;15,41;16,67;84,24
8.04.2021 01:00;24,83;15,8;53,11;57,83;37,99
8.04.2021 02:00;28,99;18,05;70,17;86,08;20,23
8.04.2021 03:00;33,74;13,17;54,39;61,61;30,94
8.04.2021 04:00;34,79;12,76;28,58;29,78;42,1
8.04.2021 05:00;35,42;12,58;36,78;41,99;28,36
8.04.2021 06:00;39,94;12,28;61,24;74,55;11,21
8.04.2021 07:00;39,77;9,51;55,09;65,18;25,33
8.04.2021 08:00;32,82;9,85;32,75;38,64;44,81
8.04.2021 09:00;32,2;9,5;29,55;34,94;48,03
8.04.2021 10:00;33,62;9,59;28,2;35,36;52,09
8.04.2021 11:00;34,63;9,11;19,12;24,59;66,69
8.04.2021 12:00;36,16;9,52;23,24;29,44;70,01
8.04.2021 13:00;36,98;8,26;24,51;32,06;77,91
8.04.2021 14:00;33,76;8,57;25,01;30,42;92,31
8.04.2021 15:00;34,85;8,5;22,3;27,37;97,62
8.04.2021 16:00;30,48;7,9;14,89;17,85;100,58
8.04.2021 17:00;28,45;6,75;13,89;16,79;84,54
8.04.2021 18:00;31,78;7,88;9,91;12,18;83,5
8.04.2021 19:00;26,26;8,21;10,99;13;81,71
8.04.2021 20:00;24,02;9,44;15,03;16,83;78,5
8.04.2021 21:00;29,43;10,53;18,14;20,62;71,6
8.04.2021 22:00;31,82;10,9;13,57;15,5;76,03
8.04.2021 23:00;27,07;11,23;14,54;16,84;57,51
9.04.2021 00:00;24,07;11,03;15,1;17,38;46,41
9.04.2021 01:00;23,78;12,15;14,93;16,36;64,01
9.04.2021 02:00;21;13,2;11,93;12,88;55,56
9.04.2021 03:00;17,33;13,11;9,77;10,61;48,41
9.04.2021 04:00;13,06;13,96;9,2;10,04;44,62
9.04.2021 05:00;12,43;14,21;9,34;10,06;41,99
9.04.2021 06:00;11,59;14,31;8,46;9,16;45,71
9.04.2021 07:00;8,11;14,93;8,27;9,36;46,88
9.04.2021 08:00;5,68;15,21;10,03;11,84;46,91
9.04.2021 09:00;4,01;16,08;9,59;11,55;47,08
9.04.2021 10:00;2,91;15,97;10,76;13,42;48,64
9.04.2021 11:00;3,44;15,91;11,12;14;50,09
9.04.2021 12:00;4,99;16,14;10,43;13,02;53,36
9.04.2021 13:00;4,53;16,19;10,25;12,78;55
9.04.2021 14:00;4,08;16,56;10,36;12,98;56,12
9.04.2021 15:00;3,89;16,65;10,73;13,01;65,99
9.04.2021 16:00;3,55;16,8;11,65;14,14;68,11
9.04.2021 17:00;3,96;16,17;12,71;15,44;68,29
9.04.2021 18:00;4,88;16,65;14,46;16,96;64,24
9.04.2021 19:00;4,75;16,57;20,38;23,78;54,57
9.04.2021 20:00;5,32;16,64;25,57;28,24;45,23
9.04.2021 21:00;5,51;16,96;12,66;14,75;56,62
9.04.2021 22:00;5,02;17,09;7,89;9;60,83
9.04.2021 23:00;4,92;17,12;6,26;7,08;63,11
10.04.2021 00:00;4,05;17,78;5,79;6,54;62,06
10.04.2021 01:00;3,24;9,53;5,14;5,89;65,55
10.04.2021 02:00;2,54;9,53;4,45;5,06;73,17
10.04.2021 03:00;2,22;9,93;4,04;4,52;76,88
10.04.2021 04:00;2,34;10,25;5,25;5,83;73,1
10.04.2021 05:00;2,34;10,56;6,93;7,72;68,48
10.04.2021 06:00;2,13;10,57;6,33;7,07;67,58
10.04.2021 07:00;1,89;10,55;6,12;6,81;69,55
10.04.2021 08:00;1,71;10,82;6,11;7,07;69,56
10.04.2021 09:00;1,57;10,75;5,92;7,08;72,02
10.04.2021 10:00;1,54;11,08;7,8;9,89;69,24
10.04.2021 11:00;1,78;11,02;8,45;11,13;71,66
10.04.2021 12:00;2,15;11,11;7,99;10,32;85,29
10.04.2021 13:00;3,03;11,29;6,86;8,4;86,16
10.04.2021 14:00;4,8;11,29;5,44;6,65;86,8
10.04.2021 15:00;5,59;11,28;5,78;7,11;86,86
10.04.2021 16:00;8,02;11,21;6,33;7,9;85,42
10.04.2021 17:00;10,54;11,02;8,1;10,01;84,41
10.04.2021 18:00;8,42;10,72;9,1;10,69;80,91
10.04.2021 19:00;7,4;11,24;7,54;8,53;83,7
10.04.2021 20:00;8,75;11,65;13,41;14,55;73,89
10.04.2021 21:00;10,63;11,98;10,53;11,45;70,54
10.04.2021 22:00;10,28;12,03;16,54;17,69;60,26
10.04.2021 23:00;8,96;11,22;9,45;10,39;66,46
11.04.2021 00:00;7,61;11,24;7,78;8,6;69,14
11.04.2021 01:00;6,63;12,12;6,85;7,55;68,38
11.04.2021 02:00;5,09;12,36;6,32;6,95;72,3
11.04.2021 03:00;3,94;12,01;6,23;6,84;68,03
11.04.2021 04:00;3,63;12,27;5,75;6,28;69,26
11.04.2021 05:00;3,77;12,32;5,47;5,95;77,58
11.04.2021 06:00;4,24;12,59;5,47;5,95;72,15
11.04.2021 07:00;4,57;12,57;5,34;5,9;69,15
11.04.2021 08:00;5,01;12,91;6,02;6,75;72,36
11.04.2021 09:00;4,17;13,21;6,83;7,89;69,69
11.04.2021 10:00;4,54;13,14;10,04;11,97;67,4
11.04.2021 11:00;6,75;12,85;11,37;13,45;67,9
11.04.2021 12:00;8,85;13,18;18,2;22,41;60,05
11.04.2021 13:00;12,95;13,48;14,83;18,42;66,24
11.04.2021 14:00;16,24;13,3;13,06;15,8;71,05
11.04.2021 15:00;12,93;13,6;11,67;14,3;75,06
11.04.2021 16:00;11,09;13,59;9,77;11,52;77,21
11.04.2021 17:00;11,12;13,26;12,64;15,61;73,53
11.04.2021 18:00;12,95;13,35;10,22;11,83;73,48
11.04.2021 19:00;10,57;13,37;9,96;11,09;70,6
11.04.2021 20:00;8,76;13,62;10,28;11,19;69,39
11.04.2021 21:00;8,13;13,63;10,73;11,64;65,23
11.04.2021 22:00;8,83;13,69;12,83;14,02;59,74
11.04.2021 23:00;6,86;14,33;9,1;9,95;64,16
12.04.2021 00:00;6,43;14,44;9,33;10,19;64,38
12.04.2021 01:00;5,45;10,68;6,73;7,34;68,6
12.04.2021 02:00;4,18;10,78;6,64;7,18;71,56
12.04.2021 03:00;3,66;11,06;6,32;6,77;73,09
12.04.2021 04:00;3,27;11,15;7,02;7,45;69,99
12.04.2021 05:00;2,88;11,2;6,77;7,2;69,98
12.04.2021 06:00;2,71;11,39;5,83;6,36;70,97
12.04.2021 07:00;2,52;11,69;7,39;8,11;68,38
12.04.2021 08:00;3,6;11,55;9,6;11,32;66,93
12.04.2021 09:00;5,02;12,16;14,57;18,86;66,08
12.04.2021 10:00;4,98;11,84;11,76;15,18;73,92
12.04.2021 11:00;5,35;11,64;9,58;12,09;77,1
12.04.2021 12:00;4,97;11,62;10,26;12,91;79,53
12.04.2021 13:00;8,34;10,78;10,36;12,68;78,88
12.04.2021 14:00;14,72;10,77;11,81;14,43;80,9
12.04.2021 15:00;15,17;10,41;13,94;17,92;83,13
12.04.2021 16:00;11,68;10,47;10,71;13;85,37
12.04.2021 17:00;10,14;9,98;12,39;14,93;82,89
12.04.2021 18:00;11,26;9,78;13,06;15,3;78,28
12.04.2021 19:00;10,04;10,55;20,61;23,64;68,32
12.04.2021 20:00;7,6;10,72;33,17;36,35;52,53
12.04.2021 21:00;7,38;10,35;31,7;34,36;50,82
12.04.2021 22:00;8,63;10,12;30,44;32,94;54,54
12.04.2021 23:00;8,3;9,73;34,43;37,28;47,41
13.04.2021 00:00;9,4;9,44;39,13;42,2;37,96
13.04.2021 01:00;10,09;12,54;34,65;37,83;40,53
13.04.2021 02:00;12,41;14,3;46,57;51,26;24,19
13.04.2021 03:00;15,79;17,48;60,04;69,56;14,63
13.04.2021 04:00;23,03;13,13;51,97;61,04;25,54
13.04.2021 05:00;26,26;7,49;25,73;27,43;45,79
13.04.2021 06:00;27,04;9,97;42,46;45,78;20,46
13.04.2021 07:00;29,61;5,5;32,13;36,44;12,88
13.04.2021 08:00;31,54;-;27,16;34,7;12,33
13.04.2021 09:00;27,73;-;25,32;32,82;26,71
13.04.2021 10:00;29,56;-;20,16;24,82;48,84
13.04.2021 11:00;30,12;1,88;23,78;32,08;49,61
13.04.2021 12:00;28,83;2,19;17,24;22,9;68,39
13.04.2021 13:00;25,21;1,12;16,29;20,75;79,8
13.04.2021 14:00;25,48;1,16;15,23;18,94;88,32
13.04.2021 15:00;27,76;1,09;14,9;19,01;96,8
13.04.2021 16:00;30,08;1,05;15,18;19;100,39
13.04.2021 17:00;27,02;1,77;12,98;14,94;101,94
13.04.2021 18:00;22,93;2,54;19,7;23,68;96,87
13.04.2021 19:00;23,44;4,47;33,07;39,47;80,79
13.04.2021 20:00;20,87;7,79;39,35;43,95;68,07
13.04.2021 21:00;20,97;7,89;69,39;89,34;36,28
13.04.2021 22:00;25,52;3,43;88,94;108,28;12,95
13.04.2021 23:00;26,67;4,51;66,38;82,27;28,12
14.04.2021 00:00;30,47;2,9;50,15;59,79;34,46
14.04.2021 01:00;35,3;15,24;34,24;38,31;50,63
14.04.2021 02:00;37,2;13,9;51,23;61,14;31,02
14.04.2021 03:00;34,15;10,42;44,29;52,35;24,94
14.04.2021 04:00;30,91;9,39;32,62;36,69;33,58
14.04.2021 05:00;29,54;11,34;42,99;49,13;24,41
14.04.2021 06:00;34,11;10,28;33,25;35,43;27,17
14.04.2021 07:00;37,66;8,54;47,92;60,62;14,41
14.04.2021 08:00;43,98;11,04;59,43;87,5;14,2
14.04.2021 09:00;51,13;12,52;41,52;61,3;32,13
14.04.2021 10:00;51,91;16,46;34,33;49,16;44,45
14.04.2021 11:00;54,11;9,23;34,61;46,88;52,55
14.04.2021 12:00;54,7;8,51;27,45;36,44;72,73
14.04.2021 13:00;54,48;7,92;19,28;23,44;92,06
14.04.2021 14:00;48,34;7,75;16,58;20,71;95,01
14.04.2021 15:00;47,3;7,43;16,21;19,69;92,58
14.04.2021 16:00;42,8;7,91;17,53;21,66;87,64
14.04.2021 17:00;35,22;7,85;16,49;21,39;75,92
14.04.2021 18:00;34,7;8,31;13,41;16,3;74,66
14.04.2021 19:00;30,38;9,35;14,11;16,64;75,14
14.04.2021 20:00;28,63;10,3;13,35;14,77;77,14
14.04.2021 21:00;26,42;11,39;13,82;15,45;74,7
14.04.2021 22:00;22,97;12,11;17,3;19,57;63,97
14.04.2021 23:00;22,72;12,46;13,51;15,88;71,06
15.04.2021 00:00;19,68;12,95;10,46;12,17;76,88
15.04.2021 01:00;19,64;13,04;10,18;11,65;76,41
15.04.2021 02:00;15,07;13,36;11,36;12,16;79,37
15.04.2021 03:00;14,5;14;9,46;10,33;79,3
15.04.2021 04:00;17,23;13,95;8,57;9,46;77,49
15.04.2021 05:00;15,66;14,52;8,73;9,75;80,95
15.04.2021 06:00;13,06;14,76;11,5;12,51;73,98
15.04.2021 07:00;14,42;15,17;11,11;12,1;77
15.04.2021 08:00;18,14;15,51;15,08;16,64;70,82
15.04.2021 09:00;25,02;18,12;43,12;56,62;32,06
15.04.2021 10:00;32,94;22,9;45,46;61,46;34,84
15.04.2021 11:00;38,04;23,46;44,23;59,3;49,16
15.04.2021 12:00;45,35;20,82;28,56;37,73;69,77
15.04.2021 13:00;48,95;19,28;18,78;23,99;80,75
15.04.2021 14:00;50,23;17,74;16,66;20,79;84,17
15.04.2021 15:00;50,24;16,78;12,3;15,07;81,87
15.04.2021 16:00;47,93;17,17;11,3;14,14;75,76
15.04.2021 17:00;40,98;16,96;14,16;18,12;73,77
15.04.2021 18:00;35,3;17,36;14,39;17,38;72,83
15.04.2021 19:00;33,28;17,59;14,58;16,6;71,91
15.04.2021 20:00;32,62;17,98;19,14;20,84;61,55
15.04.2021 21:00;31,31;19,08;15,12;16,64;65,41
15.04.2021 22:00;24,15;19,41;16,12;18,21;63,91
15.04.2021 23:00;21,38;20,05;17,44;19,83;60,44
16.04.2021 00:00;25,01;19,99;8,66;9,92;66,51
16.04.2021 01:00;25,79;12,82;7,73;9,38;66,52
16.04.2021 02:00;20,61;13,15;9,68;11,04;64,58
16.04.2021 03:00;20,4;13,78;19,85;21,33;56,71
16.04.2021 04:00;19,93;13,8;20,18;21,66;52,97
16.04.2021 05:00;17,61;13,81;11,65;12,47;60,65
16.04.2021 06:00;13,59;13,9;11,52;13,93;61,11
16.04.2021 07:00;14,75;14,67;26,75;31,69;40,78
16.04.2021 08:00;18,39;15,38;30,44;43,06;33,58
16.04.2021 09:00;21,88;16,29;23,73;34,56;45,16
16.04.2021 10:00;29,07;17,08;30,54;47,63;54,65
16.04.2021 11:00;34,34;16,87;22,56;29,54;69,34
16.04.2021 12:00;37,97;21,98;33,17;41,75;68,18
16.04.2021 13:00;39,17;17,61;18,62;23,5;82,51
16.04.2021 14:00;39,43;16,97;15,68;19,33;86,26
16.04.2021 15:00;40,12;17,17;17,62;21,47;80,9
16.04.2021 16:00;35,66;16,33;14,37;16,8;78,07
16.04.2021 17:00;35,85;16,4;15,57;19,01;71,05
16.04.2021 18:00;29,76;16,41;14,97;19,09;70,97
16.04.2021 19:00;29,08;17,28;22,98;28,51;65,63
16.04.2021 20:00;28,51;17,57;15,29;17,14;69,61
16.04.2021 21:00;28,4;17,8;8,43;9,59;72,63
16.04.2021 22:00;19,88;18,26;9,26;10,58;69,62
16.04.2021 23:00;14,53;18,51;10,34;11,63;67,08
17.04.2021 00:00;13,87;18,69;13,13;15,97;64,81
17.04.2021 01:00;17,67;14,37;34,97;43,02;38,63
17.04.2021 02:00;23,77;13,22;57,62;66,37;13,04
17.04.2021 03:00;25,44;12,36;39,67;43,53;27,64
17.04.2021 04:00;-;-;-;-;-
17.04.2021 05:00;-;-;-;-;-
17.04.2021 06:00;-;-;-;-;-
17.04.2021 07:00;-;-;-;-;-
17.04.2021 08:00;-;-;-;-;-
17.04.2021 09:00;-;-;-;-;-
17.04.2021 10:00;-;-;-;-;-
17.04.2021 11:00;-;-;-;-;-
17.04.2021 12:00;-;-;-;-;-
17.04.2021 13:00;-;-;-;-;-
17.04.2021 14:00;-;-;-;-;-
17.04.2021 15:00;-;-;-;-;-
17.04.2021 16:00;-;-;-;-;-
17.04.2021 17:00;-;-;-;-;-
17.04.2021 18:00;-;-;-;-;-
17.04.2021 19:00;-;-;-;-;-
17.04.2021 20:00;-;-;-;-;-
17.04.2021 21:00;-;-;-;-;-
17.04.2021 22:00;-;-;-;-;-
17.04.2021 23:00;-;-;-;-;-
18.04.2021 00:00;-;-;-;-;-
18.04.2021 01:00;-;-;-;-;-
18.04.2021 02:00;-;-;-;-;-
18.04.2021 03:00;-;-;-;-;-
18.04.2021 04:00;-;-;-;-;-
18.04.2021 05:00;-;-;-;-;-
18.04.2021 06:00;-;-;-;-;-
18.04.2021 07:00;-;-;-;-;-
18.04.2021 08:00;-;-;-;-;-
18.04.2021 09:00;-;-;-;-;-
18.04.2021 10:00;-;-;-;-;-
18.04.2021 11:00;-;-;-;-;-
18.04.2021 12:00;-;-;-;-;-
18.04.2021 13:00;-;-;-;-;-
18.04.2021 14:00;-;-;-;-;-
18.04.2021 15:00;-;-;-;-;-
18.04.2021 16:00;-;-;-;-;-
18.04.2021 17:00;-;-;-;-;-
18.04.2021 18:00;-;-;-;-;-
18.04.2021 19:00;-;-;-;-;-
18.04.2021 20:00;-;-;-;-;-
18.04.2021 21:00;-;-;-;-;-
18.04.2021 22:00;-;-;-;-;-
18.04.2021 23:00;-;-;-;-;-
19.04.2021 00:00;-;-;-;-;-
19.04.2021 01:00;-;-;-;-;-
19.04.2021 02:00;-;-;-;-;-
19.04.2021 03:00;-;-;-;-;-
19.04.2021 04:00;-;-;-;-;-
19.04.2021 05:00;-;-;-;-;-
19.04.2021 06:00;-;-;-;-;-
19.04.2021 07:00;-;-;-;-;-
19.04.2021 08:00;-;-;-;-;-
19.04.2021 09:00;-;-;-;-;-
19.04.2021 10:00;-;-;-;-;-
19.04.2021 11:00;-;-;-;-;-
19.04.2021 12:00;-;-;-;-;-
19.04.2021 13:00;-;-;-;-;-
19.04.2021 14:00;-;-;-;-;-
19.04.2021 15:00;-;-;-;-;-
19.04.2021 16:00;-;-;-;-;-
19.04.2021 17:00;-;-;-;-;-
19.04.2021 18:00;-;-;-;-;-
19.04.2021 19:00;-;-;-;-;-
19.04.2021 20:00;-;-;-;-;-
19.04.2021 21:00;-;-;-;-;-
19.04.2021 22:00;-;-;-;-;-
19.04.2021 23:00;-;-;-;-;-
20.04.2021 00:00;-;-;-;-;-
20.04.2021 01:00;-;-;-;-;-
20.04.2021 02:00;-;-;-;-;-
20.04.2021 03:00;-;-;-;-;-
20.04.2021 04:00;-;-;-;-;-
20.04.2021 05:00;-;-;-;-;-
20.04.2021 06:00;-;-;-;-;-
20.04.2021 07:00;-;-;-;-;-
20.04.2021 08:00;-;-;-;-;-
20.04.2021 09:00;-;-;-;-;-
20.04.2021 10:00;-;-;-;-;-
20.04.2021 11:00;-;-;-;-;-
20.04.2021 12:00;-;-;-;-;-
20.04.2021 13:00;-;-;-;-;-
20.04.2021 14:00;-;-;-;-;-
20.04.2021 15:00;-;-;-;-;-
20.04.2021 16:00;-;-;-;-;-
20.04.2021 17:00;-;-;-;-;-
20.04.2021 18:00;-;-;-;-;-
20.04.2021 19:00;-;-;-;-;-
20.04.2021 20:00;-;-;-;-;-
20.04.2021 21:00;-;-;-;-;-
20.04.2021 22:00;-;-;-;-;-
20.04.2021 23:00;-;-;-;-;-
21.04.2021 00:00;-;-;-;-;-
21.04.2021 01:00;-;-;-;-;-
21.04.2021 02:00;-;-;-;-;-
21.04.2021 03:00;-;-;-;-;-
21.04.2021 04:00;-;-;-;-;-
21.04.2021 05:00;-;-;-;-;-
21.04.2021 06:00;-;-;-;-;-
21.04.2021 07:00;-;-;-;-;-
21.04.2021 08:00;-;-;-;-;-
21.04.2021 09:00;-;-;-;-;-
21.04.2021 10:00;-;-;-;-;-
21.04.2021 11:00;-;-;-;-;-
21.04.2021 12:00;-;-;-;-;-
21.04.2021 13:00;-;-;-;-;-
21.04.2021 14:00;-;-;-;-;-
21.04.2021 15:00;-;-;-;-;-
21.04.2021 16:00;-;-;-;-;-
21.04.2021 17:00;-;-;-;-;-
21.04.2021 18:00;-;-;-;-;-
21.04.2021 19:00;-;-;-;-;-
21.04.2021 20:00;-;-;-;-;-
21.04.2021 21:00;-;-;-;-;-
21.04.2021 22:00;-;-;-;-;-
21.04.2021 23:00;-;-;-;-;-
22.04.2021 00:00;-;-;-;-;-
22.04.2021 01:00;-;-;-;-;-
22.04.2021 02:00;-;-;-;-;-
22.04.2021 03:00;-;-;-;-;-
22.04.2021 04:00;-;-;-;-;-
22.04.2021 05:00;-;-;-;-;-
22.04.2021 06:00;-;-;-;-;-
22.04.2021 07:00;-;-;-;-;-
22.04.2021 08:00;-;-;-;-;-
22.04.2021 09:00;-;-;-;-;-
22.04.2021 10:00;-;-;-;-;-
22.04.2021 11:00;-;-;-;-;-
22.04.2021 12:00;-;-;-;-;-
22.04.2021 13:00;-;-;-;-;-
22.04.2021 14:00;-;-;-;-;-
22.04.2021 15:00;-;-;-;-;-
22.04.2021 16:00;-;-;-;-;-
22.04.2021 17:00;-;-;-;-;-
22.04.2021 18:00;-;25,27;14,13;16,52;104,27
22.04.2021 19:00;-;28,87;18,4;20,5;98,73
22.04.2021 20:00;-;28,26;32,07;33,39;71,64
22.04.2021 21:00;-;28,32;24,43;25,07;78,08
22.04.2021 22:00;-;28,27;31,78;33,25;63,69
22.04.2021 23:00;-;28,1;36,04;38,61;54,3
23.04.2021 00:00;-;27,28;26,88;28,91;60,04
23.04.2021 01:00;-;6,06;15,98;16,59;74,44
23.04.2021 02:00;-;6,41;23,9;24,81;65,49
23.04.2021 03:00;-;6,13;20,21;20,84;67,06
23.04.2021 04:00;-;5,95;29,21;30,11;57,18
23.04.2021 05:00;-;5,93;14,49;14,8;72,29
23.04.2021 06:00;-;5,8;18,36;18,85;64,97
23.04.2021 07:00;-;7,98;46,18;52,39;38,38
23.04.2021 08:00;-;6,15;20,53;23,2;74,08
23.04.2021 09:00;-;5,91;21,82;30;79,01
23.04.2021 10:00;-;5,47;20,53;24,88;90,57
23.04.2021 11:00;-;5,96;12,65;15,47;106,1
23.04.2021 12:00;-;7,28;10,97;12,92;112,95
23.04.2021 13:00;-;8,85;12,02;14,95;117,59
23.04.2021 14:00;-;7,77;12,43;14,69;122,45
23.04.2021 15:00;-;8,88;11,28;13,62;124,5
23.04.2021 16:00;-;8,99;9,42;10,99;127,33
23.04.2021 17:00;-;9,17;10,78;12,32;129,23
23.04.2021 18:00;-;9,25;10,9;12,67;127,52
23.04.2021 19:00;-;9,59;15,94;18,34;119,54
23.04.2021 20:00;-;9,54;36,13;40,42;87,17
23.04.2021 21:00;-;9,1;43,58;45,85;53,97
23.04.2021 22:00;-;8,99;34,11;35,48;58,14
23.04.2021 23:00;-;8,99;23,94;25,05;65,53
24.04.2021 00:00;-;9,29;24,55;25,85;66,06
24.04.2021 01:00;-;6,43;25,44;26,29;64,74
24.04.2021 02:00;-;6,94;13,58;14,24;77,28
24.04.2021 03:00;-;8,15;7,47;8,01;93,86
24.04.2021 04:00;-;8,48;7,32;7,77;95,75
24.04.2021 05:00;-;8,35;6,83;7,24;93,07
24.04.2021 06:00;-;8,64;6,06;6,53;92,67
24.04.2021 07:00;-;9,21;7,94;8,79;87,41
24.04.2021 08:00;-;9,79;11,51;13,22;78,5
24.04.2021 09:00;-;11,05;10,65;12,44;89,8
24.04.2021 10:00;-;11,63;6,88;8,07;100,35
24.04.2021 11:00;-;12,42;5,72;6,61;105,29
24.04.2021 12:00;-;12,34;4,92;5,71;105,76
24.04.2021 13:00;-;12,79;6,34;7,58;106,67
24.04.2021 14:00;-;13,09;6,46;7,81;110,69
24.04.2021 15:00;-;13,8;8,27;10,15;116,79
24.04.2021 16:00;-;14;8,3;10,22;121,09
24.04.2021 17:00;-;13,72;12,8;15,98;117,36
24.04.2021 18:00;-;13,79;14,8;17,28;107,96
24.04.2021 19:00;-;13,94;14,76;15,85;102,41
24.04.2021 20:00;-;13,26;25,5;26,57;74,83
24.04.2021 21:00;-;13,18;22,95;23,85;70,62
24.04.2021 22:00;-;13,56;30,36;31,83;62,21
24.04.2021 23:00;-;13,34;35,6;37,84;54,93
25.04.2021 00:00;-;13,31;30,94;32,63;56,98
25.04.2021 01:00;-;6,77;34,18;35,96;51,24
25.04.2021 02:00;-;5,9;24,8;25,5;62,72
25.04.2021 03:00;-;5,93;12,29;12,69;74,92
25.04.2021 04:00;-;5,99;10,25;10,72;76,05
25.04.2021 05:00;-;6,76;18,86;19,44;68,28
25.04.2021 06:00;-;6,9;28,38;29,67;53,58
25.04.2021 07:00;-;6,53;9,49;9,92;70,09
25.04.2021 08:00;-;6,7;8,64;9,26;69,01
25.04.2021 09:00;-;7,24;13,12;15,03;66,94
25.04.2021 10:00;-;8,04;9,72;11,1;70,02
25.04.2021 11:00;-;8,19;8,7;10,06;74,81
25.04.2021 12:00;-;8,15;7,37;8,42;73,77
25.04.2021 13:00;-;8,43;9,55;11,24;65,63
25.04.2021 14:00;-;9,37;6,34;7,56;77,61
25.04.2021 15:00;-;9,91;6,28;7,13;86,54
25.04.2021 16:00;-;10,6;6,7;7,75;89,47
25.04.2021 17:00;-;10,99;7,04;8,09;88,49
25.04.2021 18:00;-;10,86;7,66;8,29;83,86
25.04.2021 19:00;-;11,24;8,92;9,67;82,81
25.04.2021 20:00;-;11,37;12,33;13,03;79,21
25.04.2021 21:00;-;11,28;13,07;13,65;71,47
25.04.2021 22:00;-;11,86;13,18;13,81;67,78
25.04.2021 23:00;-;12,17;12,75;13,34;70,27
26.04.2021 00:00;-;12,47;11,19;11,73;68,41
26.04.2021 01:00;-;4,67;9,4;9,91;70,19
26.04.2021 02:00;-;4,2;7,5;7,96;72,24
26.04.2021 03:00;-;4,67;6,09;6,54;72,42
26.04.2021 04:00;-;4,65;5,4;5,92;66,31
26.04.2021 05:00;-;4,81;5,26;5,81;56,7
26.04.2021 06:00;-;4,91;5,72;6,4;56,32
26.04.2021 07:00;-;5,41;5,67;6,49;56,5
26.04.2021 08:00;-;5,76;5,62;6,7;62,8
26.04.2021 09:00;-;5,94;6,86;8,36;60,31
26.04.2021 10:00;-;6,02;8,23;9,67;75,09
26.04.2021 11:00;-;5,75;13,6;14,96;70,71
26.04.2021 12:00;-;5,88;17,69;19,47;64,3
26.04.2021 13:00;8,17;5,89;14,64;17,27;56,5
26.04.2021 14:00;10,83;6,33;7,96;10,5;59,27
26.04.2021 15:00;13,82;7,35;7,56;9,87;65,48
26.04.2021 16:00;16,06;7,58;7,13;9,08;66,39
26.04.2021 17:00;12,73;7,97;8,34;10,58;70,02
26.04.2021 18:00;13,3;7,65;10,63;12,94;72,85
26.04.2021 19:00;15,47;7,86;16,26;18,89;63,44
26.04.2021 20:00;13,59;7,92;18,1;19,76;57,02
26.04.2021 21:00;13,61;8,1;10,97;12,17;62,02
26.04.2021 22:00;13,33;8,11;11,71;13,16;63,59
26.04.2021 23:00;12,82;8,07;11,43;12,41;65,09
27.04.2021 00:00;10,86;8,36;13,03;14,41;61,73
27.04.2021 01:00;9,26;5,2;14,63;16,38;58,84
27.04.2021 02:00;10,9;4,69;10,96;11,93;61,16
27.04.2021 03:00;14,71;4,96;16,68;18,56;53,42
27.04.2021 04:00;15,69;4,9;9,11;9,95;58,15
27.04.2021 05:00;15,65;4,98;17,48;18,75;39,58
27.04.2021 06:00;15,11;5,15;17,53;20,09;34,19
27.04.2021 07:00;13,77;7,83;37,57;47,69;13,12
27.04.2021 08:00;23,35;10,82;31,27;40,79;25,16
27.04.2021 09:00;33,67;6,31;16,9;23,12;52,85
27.04.2021 10:00;29,55;5,32;10,43;14,26;65,86
27.04.2021 11:00;29,13;5,49;6,74;9,29;74,17
27.04.2021 12:00;27,09;5,55;9,06;11,28;85,49
27.04.2021 13:00;28,09;6,15;10,86;13,55;99,14
27.04.2021 14:00;27,96;7,56;16,2;20,21;102,57
27.04.2021 15:00;40,85;9,4;20;24,18;105,72
27.04.2021 16:00;52,51;8,86;18,23;21,29;109,68
27.04.2021 17:00;49,69;8,54;17,27;20,49;113,4
27.04.2021 18:00;44,22;8,41;22,23;28,54;109,22
27.04.2021 19:00;40,68;8,36;27,06;31,96;95,28
27.04.2021 20:00;40,4;8,44;45,5;50,23;64,66
27.04.2021 21:00;42,37;7,65;84,78;107,89;5,27
27.04.2021 22:00;46,31;7,61;86,48;112,58;6,02
27.04.2021 23:00;49,4;7,48;44,3;51,61;46,41
28.04.2021 00:00;51,04;8,13;65,03;78,59;22,91
28.04.2021 01:00;47,96;9,12;77,97;101,24;8,75
28.04.2021 02:00;45,84;7,77;70,4;90,02;6,76
28.04.2021 03:00;41,59;6,81;51,6;60,01;16,67
28.04.2021 04:00;36,01;6,08;52,85;65,66;14,52
28.04.2021 05:00;31,76;6,79;41,02;49,65;27,43
28.04.2021 06:00;34,05;7,47;66,85;90,19;4,21
28.04.2021 07:00;39,26;6,83;73,91;117,53;3,03
28.04.2021 08:00;48,93;7,67;51,71;78,53;23,78
28.04.2021 09:00;53,31;7,23;28,05;39,2;49,72
28.04.2021 10:00;45,87;7,67;31,8;42,61;58,52
28.04.2021 11:00;46,81;9;26,03;32,84;79,18
28.04.2021 12:00;60,04;9,29;23,55;28,96;83,74
28.04.2021 13:00;59,33;9,63;21,79;26,54;88,39
28.04.2021 14:00;57,19;7,02;12,47;15,16;80,47
28.04.2021 15:00;57,43;6,44;14,68;17,34;71,92
28.04.2021 16:00;54,3;6,04;19;22,08;69,31
28.04.2021 17:00;51,76;5,67;20,09;23,86;66,68
28.04.2021 18:00;52,56;5,59;17,59;20,16;65,34
28.04.2021 19:00;46,44;5,89;24,25;27,12;58,68
28.04.2021 20:00;40,56;6,17;55,07;70,22;29,95
28.04.2021 21:00;40,82;6,2;34,68;40,49;43,47
28.04.2021 22:00;38,01;6,2;19,71;21,83;55,52
28.04.2021 23:00;36,36;5,89;17,94;20,3;60,66
29.04.2021 00:00;36,7;6,54;35,28;40,15;38,81
29.04.2021 01:00;35,08;7,71;65,38;88,79;-
29.04.2021 02:00;35,91;6,15;31,31;37,48;33,38
29.04.2021 03:00;34,44;5,95;37;43,42;23,65
29.04.2021 04:00;31,84;6,96;40,04;45,25;15,01
29.04.2021 05:00;36,23;7,48;34,58;38,28;27,18
29.04.2021 06:00;38,59;8,95;47,09;57,4;11,21
29.04.2021 07:00;38,92;8,07;41;50,14;15,92
29.04.2021 08:00;39,17;9,09;47,08;64,51;19,46
29.04.2021 09:00;42,54;9,85;73,73;125,48;3,46
29.04.2021 10:00;58,43;11,33;63,4;100,39;21,29
29.04.2021 11:00;77,92;9,12;56,75;80,92;30,72
29.04.2021 12:00;69,69;7,21;48,71;71,16;40,17
29.04.2021 13:00;69,88;6,25;15,83;22,67;59,41
29.04.2021 14:00;80,99;6,15;13,45;17,66;60,85
29.04.2021 15:00;82,37;6;10,97;14,23;60,72
29.04.2021 16:00;100,67;6,01;11,6;14,93;61,38
29.04.2021 17:00;149;6,08;10,82;13,66;62,62
29.04.2021 18:00;171,61;6,04;9,24;12,61;65,16
29.04.2021 19:00;126,04;6,5;13,23;16,27;63,57
29.04.2021 20:00;81,27;7,03;13,3;14,91;62,09
29.04.2021 21:00;51,16;6,84;16,3;17,63;53,44
29.04.2021 22:00;42,57;7,47;17,12;19,47;54,86
29.04.2021 23:00;41,12;7,4;7,97;9,46;64,95
30.04.2021 00:00;38,85;7,94;9,54;10,77;62,32
30.04.2021 01:00;30,79;4,27;11,08;12,14;57,31
30.04.2021 02:00;29,54;4,19;4,99;6,07;61,48
30.04.2021 03:00;39,38;4,73;5,79;6,59;65,74
30.04.2021 04:00;41,97;4,99;16,58;17,58;47,21
30.04.2021 05:00;37,32;5,07;19,58;22,07;40,86
30.04.2021 06:00;30,73;5,33;8,62;9,6;51,83
30.04.2021 07:00;26,14;5,58;6,45;7,64;50,17
30.04.2021 08:00;26,11;5,9;6,82;8,24;60,06
30.04.2021 09:00;29,12;6,43;9,65;13,19;61,06
30.04.2021 10:00;31,8;6,59;9,91;12,96;64,33
30.04.2021 11:00;29,34;7,05;6,85;8,63;75,16
30.04.2021 12:00;29,9;6,77;4,93;6,12;78,64
30.04.2021 13:00;31,43;7,48;4,98;6,21;79,95
30.04.2021 14:00;34,85;8,2;5,45;6,73;81,57
30.04.2021 15:00;36,19;8,08;6,26;7,68;85,36
30.04.2021 16:00;32,08;7,93;7,3;8,91;82,52
30.04.2021 17:00;27,83;8,03;9,59;11,77;79,14
30.04.2021 18:00;28,84;8,02;8,05;9,68;79,19
30.04.2021 19:00;32,91;7,85;8,43;9,71;79,65
30.04.2021 20:00;37,49;7,93;12,73;13,74;74,85
30.04.2021 21:00;37,64;8,26;11,81;12,63;72,58
30.04.2021 22:00;30,07;8,83;15,65;16,65;73,43
30.04.2021 23:00;30,48;8,65;18,99;20,84;51,28
1.05.2021 00:00;33,26;8,83;22,97;24,81;53,15
1.05.2021 01:00;32,3;6,35;20,28;21,5;56,4
1.05.2021 02:00;24,73;6,29;17,37;18,36;64,76
1.05.2021 03:00;21,92;6,51;10,25;10,96;71,95
1.05.2021 04:00;24,29;6,32;15,36;16,08;74,09
1.05.2021 05:00;26,92;6,8;9,02;9,54;85,64
1.05.2021 06:00;24,69;7;7,54;8,11;81,15
1.05.2021 07:00;25,88;7,74;11,1;13,77;75,44
1.05.2021 08:00;36,67;8,06;29,42;42,74;64,43
1.05.2021 09:00;57,45;8,71;25,06;36,47;77,31
1.05.2021 10:00;64,67;9,1;15,65;19,93;83,31
1.05.2021 11:00;60,92;8,26;7,19;9,86;93,25
1.05.2021 12:00;53,51;7,84;11,7;17,36;87,58
1.05.2021 13:00;45,87;7,8;4,42;6,42;89,9
1.05.2021 14:00;50,09;8,14;4,54;5,65;92,34
1.05.2021 15:00;53,59;8,36;5,9;7,03;88,24
1.05.2021 16:00;50,06;8,44;5,92;6,93;89,25
1.05.2021 17:00;41,1;8,59;5,87;6,91;88,09
1.05.2021 18:00;31,26;8,4;6,72;7,74;85,58
1.05.2021 19:00;28,74;8,49;11,9;13,09;76,29
1.05.2021 20:00;30;8,41;20,89;22,58;55,95
1.05.2021 21:00;30,74;7,92;13,05;14,21;53,11
1.05.2021 22:00;34,16;7,79;10,72;11,69;59,28
1.05.2021 23:00;30,4;8,09;13,12;14,42;59,97
2.05.2021 00:00;31,42;8,15;12,2;13,42;61,33
2.05.2021 01:00;34,63;6,64;17,58;18,89;55,86
2.05.2021 02:00;31,88;6,51;21,25;22,28;49,05
2.05.2021 03:00;35,6;6,5;18,16;19,08;54,36
2.05.2021 04:00;34,9;6,5;11,72;12,19;60,02
2.05.2021 05:00;33,49;6,84;8,72;9,14;69,3
2.05.2021 06:00;32,96;6,96;7,44;7,84;68,1
2.05.2021 07:00;29,52;7,19;10,13;10,75;63,21
2.05.2021 08:00;30,43;7,32;6,44;7,18;65,95
2.05.2021 09:00;33,02;7,54;6,47;7,57;71,37
2.05.2021 10:00;39,11;8,01;7,37;9,45;73,93
2.05.2021 11:00;40,15;9,3;7,2;8,47;89,85
2.05.2021 12:00;42,38;9,21;5,18;6,2;89,36
2.05.2021 13:00;43,37;8,79;4,54;5,98;84,93
2.05.2021 14:00;41,48;8,65;3,38;4;78,31
2.05.2021 15:00;41,66;8,94;4,25;5,67;71,58
2.05.2021 16:00;43,07;9,31;4,62;5,57;69,16
2.05.2021 17:00;42,55;9,38;5,34;6,33;71,3
2.05.2021 18:00;41,28;9,81;6,88;8,22;69,01
2.05.2021 19:00;38,6;9,49;6,96;7,86;70,12
2.05.2021 20:00;38,45;9,61;12,06;13,07;63,37
2.05.2021 21:00;45,12;9,86;14,57;15,78;53,95
2.05.2021 22:00;51,46;10,04;15,93;17,51;52,74
2.05.2021 23:00;54,08;9,63;6,34;7,34;62,22
3.05.2021 00:00;52,31;9,08;10,49;11,37;54,44
3.05.2021 01:00;50,03;5,66;4,73;5,3;63,91
3.05.2021 02:00;54,89;5,41;5,28;5,87;64,35
3.05.2021 03:00;60,71;5,93;4,04;4,6;67,52
3.05.2021 04:00;56,21;5,47;9,31;10,02;59,57
3.05.2021 05:00;55,78;5,64;9,41;10,14;57,22
3.05.2021 06:00;59,82;5,46;9,79;10,51;54,75
3.05.2021 07:00;61,37;6,09;20,82;24,55;41,66
3.05.2021 08:00;62,76;5,43;12,55;15,33;52,04
3.05.2021 09:00;65,5;5,71;22,57;30,62;43,4
3.05.2021 10:00;75,68;9,23;20,19;27,39;50,4
3.05.2021 11:00;85,68;10,89;14,56;20,23;68,39
3.05.2021 12:00;86,51;8,61;10,94;14,29;88,08
3.05.2021 13:00;89,75;7,18;6,48;7,98;84,31
3.05.2021 14:00;88,38;7,23;7,86;10,34;69,92
3.05.2021 15:00;91,2;7,67;10,61;13,56;70,9
3.05.2021 16:00;86,34;7,01;7,65;9,81;71,17
3.05.2021 17:00;82,48;7,32;9,7;11,89;76,03
3.05.2021 18:00;78,27;7,03;8,26;10,03;72,6
3.05.2021 19:00;71,84;7,02;8,58;10,2;72,8
3.05.2021 20:00;70;6,53;9,16;10,51;66,21
3.05.2021 21:00;70,21;6,4;14,25;15,67;59,97
3.05.2021 22:00;67,64;7,29;12,85;14,77;61,54
3.05.2021 23:00;68,18;7,44;11,55;13,49;60,34
4.05.2021 00:00;68,33;7,69;11,51;12,56;65,28
4.05.2021 01:00;63,08;5,75;20,66;22,27;47,59
4.05.2021 02:00;66,59;6,12;10,66;11,37;68,85
4.05.2021 03:00;66,84;6,66;11,02;11,7;72,52
4.05.2021 04:00;64,44;6,52;9,1;9,8;73,8
4.05.2021 05:00;62,94;7,13;10,34;11,12;74,61
4.05.2021 06:00;57,15;7,2;11,56;12,36;67,28
4.05.2021 07:00;51,8;6,98;14,95;16,33;54,69
4.05.2021 08:00;51,13;7,44;20,43;22,9;51,95
4.05.2021 09:00;53,94;7,76;24,42;31,07;53,6
4.05.2021 10:00;63,59;16,48;41,24;57,22;48,69
4.05.2021 11:00;78,82;12,49;23,47;28,64;70,52
4.05.2021 12:00;76,07;9,8;12,41;14,13;90,86
4.05.2021 13:00;75,63;9,35;7,41;8,39;94,26
4.05.2021 14:00;80,87;10,14;8,26;9,57;89,73
4.05.2021 15:00;73,05;11,11;8,62;10,03;92,27
4.05.2021 16:00;66,57;11,24;8,38;9,95;92,52
4.05.2021 17:00;66,51;12,26;8,66;10,22;91,96
4.05.2021 18:00;58,66;12,2;10,91;12,6;89,58
4.05.2021 19:00;51,79;12,13;9,62;10,97;86,69
4.05.2021 20:00;49,07;11,53;10,92;11,94;78,96
4.05.2021 21:00;46,05;11,14;11,93;12,63;69,32
4.05.2021 22:00;41,74;11,05;12,9;13,65;66,92
4.05.2021 23:00;38,1;11,5;15,04;15,76;61,69
5.05.2021 00:00;32,43;11,4;16,24;17;60,6
5.05.2021 01:00;29,19;3,8;22,7;23,72;47,38
5.05.2021 02:00;28,56;3,63;14,42;15,31;53,48
5.05.2021 03:00;27,5;3,89;6,96;7,6;56,38
5.05.2021 04:00;25,05;3,98;7,85;9,19;55,27
5.05.2021 05:00;23,6;3,95;10,01;10,7;52,2
5.05.2021 06:00;22,4;3,73;14,66;15,74;43,86
5.05.2021 07:00;19,28;3,66;15,61;17,09;40,89
5.05.2021 08:00;14,72;3,9;8,39;10,49;49,48
5.05.2021 09:00;15,99;4,43;7,49;9,89;55,66
5.05.2021 10:00;18,96;5,17;11,55;20,78;61,35
5.05.2021 11:00;20,4;5,76;7,19;10,7;69,53
5.05.2021 12:00;24,96;6,55;10,08;14,01;84,28
5.05.2021 13:00;30,51;7,01;8,06;10,17;94,44
5.05.2021 14:00;36,53;7,98;9,21;11,75;94,51
5.05.2021 15:00;38,88;9,35;11,05;14,22;102,14
5.05.2021 16:00;42,21;8,85;14,37;17,42;107,71
5.05.2021 17:00;49,86;9,21;12,67;15,13;108,02
5.05.2021 18:00;51,73;8,79;14,6;16,17;96,6
5.05.2021 19:00;45,29;8,12;15,22;16,94;84,35
5.05.2021 20:00;41,59;7,87;15,54;16,67;74,76
5.05.2021 21:00;38,97;7,84;31,9;33,73;49,77
5.05.2021 22:00;39,39;8,01;50,22;55,7;27
5.05.2021 23:00;37,91;7,98;53,19;61,55;26,5
6.05.2021 00:00;37,24;7,72;37,79;43,86;38,81
6.05.2021 01:00;35,6;5,07;17,87;19,71;67,14
6.05.2021 02:00;36,28;4,1;14,63;15,88;75,43
6.05.2021 03:00;31,99;3,83;11,04;11,82;78,36
6.05.2021 04:00;26,37;4,46;11,26;11,99;77,99
6.05.2021 05:00;26,86;4,05;18,05;18,77;68,03
6.05.2021 06:00;24,97;3,62;21,06;22,61;63,28
6.05.2021 07:00;22,02;4,79;40,4;44,46;36,24
6.05.2021 08:00;26,09;5,81;54,34;64,39;19,81
6.05.2021 09:00;35;3,24;47,5;58,93;34,69
6.05.2021 10:00;37,91;3,52;24,07;28,6;66,34
6.05.2021 11:00;43,16;3,68;13,43;16,41;82,86
6.05.2021 12:00;44,21;4;9,45;11,85;90,33
6.05.2021 13:00;40,53;4,81;9;10,64;97,72
6.05.2021 14:00;43,98;4,95;10,95;12,36;97,46
6.05.2021 15:00;46,17;4,62;9,44;10,67;96,27
6.05.2021 16:00;42,09;4,95;10,88;12,75;86,18
6.05.2021 17:00;40,31;5,83;10,02;12,14;82,16
6.05.2021 18:00;38,34;6,36;9,09;10,7;82,15
6.05.2021 19:00;30,92;6,34;9,6;10,89;80,01
6.05.2021 20:00;29,21;6,62;12,83;13,98;74,94
6.05.2021 21:00;30,09;6,65;18,39;19,23;60,97
6.05.2021 22:00;28,29;6,39;21,75;23,22;56,76
6.05.2021 23:00;24,66;6,28;30,56;33,04;47,74
7.05.2021 00:00;21,31;6,23;40,3;44,03;39,05
7.05.2021 01:00;22,97;4,32;24,29;26,07;46,94
7.05.2021 02:00;24,68;4,16;21,99;23,98;50,22
7.05.2021 03:00;24,83;4,36;18,42;19,88;59,24
7.05.2021 04:00;20,89;4,66;15,03;16,09;62,41
7.05.2021 05:00;20,6;4,68;22,17;23,68;50,4
7.05.2021 06:00;17,95;4,36;13,86;15,12;54,47
7.05.2021 07:00;16,7;4,54;10,84;11,99;56,43
7.05.2021 08:00;21,29;5,21;10,58;12,54;65,16
7.05.2021 09:00;23,28;5,25;9,41;11,6;76,34
7.05.2021 10:00;21;5,44;5,82;7,05;82,6
7.05.2021 11:00;17,76;5,79;5,06;6,12;88,5
7.05.2021 12:00;18,14;6,52;5,07;6,12;92,99
7.05.2021 13:00;21,4;7;5,86;6,94;97,07
7.05.2021 14:00;25,96;7,19;5,45;6,78;101,58
7.05.2021 15:00;28,25;7,7;6,74;8,09;107,31
7.05.2021 16:00;26,81;7,54;9,78;11,47;115,93
7.05.2021 17:00;28;7,51;11,29;13,58;109,92
7.05.2021 18:00;31,8;8;13,63;16,43;101,91
7.05.2021 19:00;29,16;7,76;15,81;18,7;95,52
7.05.2021 20:00;24,95;7,12;26,45;28,92;79,99
7.05.2021 21:00;26,14;6,75;64,76;74,21;26,08
7.05.2021 22:00;29,4;6,85;94,66;131,84;4,95
7.05.2021 23:00;37,05;9,75;88,4;117,71;4,92
8.05.2021 00:00;39,07;6,6;62,46;75,42;23,58
8.05.2021 01:00;41,13;7,71;54,3;61,54;25,88
8.05.2021 02:00;43,22;7,25;44,16;48,83;38,23
8.05.2021 03:00;33,85;7,34;26,24;28,09;56,13
8.05.2021 04:00;29,93;10,52;26,98;28,35;56,42
8.05.2021 05:00;32,45;12,47;28,5;30,61;47,88
8.05.2021 06:00;31,69;9,56;43,64;48,64;25,16
8.05.2021 07:00;34,59;9,08;41,92;49,39;24,54
8.05.2021 08:00;39,23;9,87;30,77;37,1;41,89
8.05.2021 09:00;41,31;10,11;39,57;49,96;34,88
8.05.2021 10:00;46,31;10,27;27,6;34,87;48,12
8.05.2021 11:00;51,57;10,84;47,91;62,55;50,48
8.05.2021 12:00;64,93;19;73,78;100,7;48,12
8.05.2021 13:00;86,3;21,24;54,61;73,36;68,56
8.05.2021 14:00;95,07;9,27;31,67;38,75;89,6
8.05.2021 15:00;85,29;8,61;27,72;38,06;86,46
8.05.2021 16:00;72,3;8,54;24,74;32,44;71,97
8.05.2021 17:00;67;8,05;9,87;12,71;77,86
8.05.2021 18:00;66,98;8,38;9,25;10,99;74,99
8.05.2021 19:00;72,2;8,81;11,58;12,82;76,34
8.05.2021 20:00;73,46;8,8;19,2;20,54;72,22
8.05.2021 21:00;67,83;8,59;27,52;29,42;56,26
8.05.2021 22:00;61,48;10,33;22,97;24,77;54,38
8.05.2021 23:00;63,9;10,24;30,25;32,72;42,15
9.05.2021 00:00;62,56;9,44;24,17;26,32;46,35
9.05.2021 01:00;54,34;3,92;19,33;20,73;56,37
9.05.2021 02:00;50,19;4,27;15,79;16,75;70,53
9.05.2021 03:00;43,13;4;21,05;22,45;70,64
9.05.2021 04:00;32,26;3,55;17,8;19,03;67,84
9.05.2021 05:00;27,66;3,26;9,57;10,5;64,8
9.05.2021 06:00;29,96;3,88;6,85;7,98;58,71
9.05.2021 07:00;30,58;4,08;6,45;7,83;52,76
9.05.2021 08:00;28,58;3,85;5,82;6,93;60,32
9.05.2021 09:00;27,02;4,22;5,28;6,33;63,02
9.05.2021 10:00;23,04;4,8;5,81;7,28;64,88
9.05.2021 11:00;20,22;5,36;5,22;6,65;64,13
9.05.2021 12:00;21,73;5,95;6,88;8,95;61,77
9.05.2021 13:00;20,81;6,51;6,43;8,17;64,47
9.05.2021 14:00;18,43;6,57;5,82;7,17;75,08
9.05.2021 15:00;16,15;6,47;5,17;6,22;87,92
9.05.2021 16:00;15,53;6,58;5,4;6,47;90
9.05.2021 17:00;13,97;6,6;5,62;6,69;90,77
9.05.2021 18:00;13,06;6,59;6,09;7,12;91,78
9.05.2021 19:00;10,29;5,44;6,07;6,89;96,2
9.05.2021 20:00;10,2;4,6;7,04;7,67;94,14
9.05.2021 21:00;10,44;3,88;8,44;9,14;80,86
9.05.2021 22:00;9,45;3,67;14,42;15,1;71,29
9.05.2021 23:00;9,83;2,75;13,44;14,17;69,91
10.05.2021 00:00;9,78;2,8;12,67;13,41;66,8
10.05.2021 01:00;10,68;6,13;11,83;12,46;64,13
10.05.2021 02:00;8,94;6,08;8,88;9,42;68,99
10.05.2021 03:00;7,92;6,75;7,79;8,28;68,57
10.05.2021 04:00;10,11;6,47;6,45;6,88;69,24
10.05.2021 05:00;12,78;6,34;6,98;7,4;69,06
10.05.2021 06:00;9,35;6,94;7,77;8,13;67,04
10.05.2021 07:00;7,03;6,88;6,81;7,33;67,41
10.05.2021 08:00;10,34;6,91;6,1;7,18;71,43
10.05.2021 09:00;15,93;6,45;6,49;8,03;77,83
10.05.2021 10:00;14,08;6,06;5,34;6,45;78,57
10.05.2021 11:00;14,96;5,78;4,51;5,36;80,62
10.05.2021 12:00;17,12;6,12;4,85;5,8;89,37
10.05.2021 13:00;12,29;6,36;5,51;6,58;94,69
10.05.2021 14:00;15,8;6,21;6,24;7,5;98,02
10.05.2021 15:00;20,77;6,8;7,23;8,64;101,37
10.05.2021 16:00;15,23;6,33;9,38;11,62;102,66
10.05.2021 17:00;14,88;5,61;8,07;9,76;105,68
10.05.2021 18:00;15,81;5,35;9,25;10,84;107,45
10.05.2021 19:00;13,91;5,31;12,47;14,2;100,92
10.05.2021 20:00;18,65;5,02;14,02;14,94;90,58
10.05.2021 21:00;23,48;4,64;22,78;23,48;76,22
10.05.2021 22:00;19,45;4,32;24,41;25,69;69,16
10.05.2021 23:00;15,81;4,19;18,05;19,22;71,54
11.05.2021 00:00;13,4;4,05;12,25;12,95;76,06
11.05.2021 01:00;11,05;5,49;23,15;24,71;62,33
11.05.2021 02:00;9;5,25;14,64;15,38;73,2
11.05.2021 03:00;9,44;5,1;13,93;14,45;69,63
11.05.2021 04:00;10,37;5,34;20,8;21,67;61,18
11.05.2021 05:00;8,45;5,07;17,49;18,08;64,61
11.05.2021 06:00;6,61;4,62;14,12;14,61;65,77
11.05.2021 07:00;9,4;4,55;13,37;14,21;69,27
11.05.2021 08:00;18,81;4,28;8,62;9,76;84,07
11.05.2021 09:00;21,92;3,98;6,02;7,19;100,21
11.05.2021 10:00;16,76;3,31;5,12;6,08;102,74
11.05.2021 11:00;14,14;3,2;5,2;6,61;104,82
11.05.2021 12:00;13,77;3,83;4,66;5,36;107,95
11.05.2021 13:00;14,59;3,93;4,9;5,81;109,53
11.05.2021 14:00;17,16;4,17;6,72;8,08;109,76
11.05.2021 15:00;21,48;4,36;6,27;7,71;108,02
11.05.2021 16:00;20,81;4,97;7,27;9,72;109,23
11.05.2021 17:00;18,74;4,61;7,73;9,47;109,24
11.05.2021 18:00;16,96;5,25;8,7;10,41;110,03
11.05.2021 19:00;16,05;5,56;9,9;11,24;108,99
11.05.2021 20:00;17,84;5,21;15,16;16,45;101,52
11.05.2021 21:00;19,3;5,32;41,61;43,14;52,75
11.05.2021 22:00;22,4;5,38;47,17;50,29;43,05
11.05.2021 23:00;25,91;4,69;40,43;42,55;47,36
12.05.2021 00:00;28,2;4,77;23,79;24,68;63,12
12.05.2021 01:00;26,06;6,14;25,11;26,32;56,44
12.05.2021 02:00;24,75;5,86;18,6;19,46;65,56
12.05.2021 03:00;25,93;5,87;13,14;13,68;71,78
12.05.2021 04:00;23,52;5,85;9,55;9,97;76,8
12.05.2021 05:00;21,51;5,96;14,46;15,42;67,85
12.05.2021 06:00;20,29;5,78;31,21;32,56;40,01
12.05.2021 07:00;18,31;6,1;34,5;39,64;42,01
12.05.2021 08:00;22,27;6,62;20,78;26,95;62,41
12.05.2021 09:00;30,65;7,49;24,03;31,06;67,82
12.05.2021 10:00;30,24;7,92;17,86;22,67;82,18
12.05.2021 11:00;29,41;8,7;23,94;30,44;83,96
12.05.2021 12:00;29,7;8,49;21,78;27,29;93,12
12.05.2021 13:00;28,74;-;18,11;22,38;100,39
12.05.2021 14:00;36,49;7,42;12,36;14,83;106,55
12.05.2021 15:00;34,92;7,18;13,62;17,05;107,18
12.05.2021 16:00;33,47;7,43;9,1;10,95;109,19
12.05.2021 17:00;34,81;7,81;6,91;8,4;104,57
12.05.2021 18:00;27,05;7,31;5,56;6,4;95,98
12.05.2021 19:00;22,49;7,55;4,82;5,33;94,71
12.05.2021 20:00;19,02;7,71;5,75;6,2;92,95
12.05.2021 21:00;20,18;7,92;4,87;5,27;87,23
12.05.2021 22:00;18,62;7,87;4,04;4,45;88,8
12.05.2021 23:00;16,53;8,39;3,74;4,11;92,89
13.05.2021 00:00;18,52;8,35;4,35;4,95;91,8
13.05.2021 01:00;17,23;4,38;4,94;5,46;93,48
13.05.2021 02:00;14,88;3,82;8,62;9,09;85,64
13.05.2021 03:00;13,48;3,28;5,43;5,68;87,83
13.05.2021 04:00;12,45;3,71;3,21;3,42;92,66
13.05.2021 05:00;11,05;4,4;4,17;4,48;86,02
13.05.2021 06:00;8,45;8,19;10,62;11,29;55,6
13.05.2021 07:00;11,25;5,84;15,44;17,2;57,82
13.05.2021 08:00;22,74;5,39;16,81;20,26;61,81
13.05.2021 09:00;27,44;8,22;14,98;20,18;53,15
13.05.2021 10:00;24,73;7,45;24,5;33,22;54,4
13.05.2021 11:00;26,79;8,53;8,6;10,6;86,94
13.05.2021 12:00;24,39;7,13;8,13;9,72;100,94
13.05.2021 13:00;24,89;6,9;9,67;11,67;99,2
13.05.2021 14:00;27,46;5,71;5,88;7,07;102,03
13.05.2021 15:00;28,65;6,05;7,75;9,61;101,95
13.05.2021 16:00;28,81;5,94;4,81;5,56;95,38
13.05.2021 17:00;25,67;6,02;3,68;4,3;85,81
13.05.2021 18:00;20,79;5,52;3,56;4,17;83,55
13.05.2021 19:00;24,63;5,89;3,79;4,42;82,65
13.05.2021 20:00;29,4;6,03;3,28;3,76;79,89
13.05.2021 21:00;27,64;5,73;4,98;5,36;78,28
13.05.2021 22:00;29,56;6,58;3,98;4,38;82,57
13.05.2021 23:00;28,81;6,8;6,77;7,39;79,45
14.05.2021 00:00;24,66;6,65;4,57;5,06;79,08
14.05.2021 01:00;25,43;5,72;10,26;15,15;75,02
14.05.2021 02:00;28,42;5,74;3,83;4,17;81,83
14.05.2021 03:00;28,69;5,68;4,39;5,34;81,93
14.05.2021 04:00;24;6,05;4,21;4,64;84,7
14.05.2021 05:00;19,9;6,18;6,13;6,75;75,75
14.05.2021 06:00;18,1;6,58;6,44;6,82;67,87
14.05.2021 07:00;19,71;6,99;7,79;8,55;57,71
14.05.2021 08:00;23,4;10,93;9,48;12,28;47,84
14.05.2021 09:00;30,99;11,34;12,01;16,81;52,76
14.05.2021 10:00;36,17;8,44;36,59;52,96;46,01
14.05.2021 11:00;35,75;8,24;29,57;40,47;61,11
14.05.2021 12:00;32,59;10,37;15,19;19,46;83,29
14.05.2021 13:00;29,04;6,73;7,47;8,94;90,44
14.05.2021 14:00;32,11;6,39;8,01;10,19;85,61
14.05.2021 15:00;32,55;6,38;6,55;7,96;79,51
14.05.2021 16:00;28,13;5,67;3,78;4,58;73,42
14.05.2021 17:00;21,92;5,49;4,39;5,43;83,34
14.05.2021 18:00;19,39;5,47;4,58;5,58;86,41
14.05.2021 19:00;18,72;4,96;4,48;5,27;76,18
14.05.2021 20:00;13,25;4,94;5,41;5,96;85,12
14.05.2021 21:00;11,1;5,25;5,86;6,32;83,03
14.05.2021 22:00;11,12;5,43;5,76;6,32;81,24
14.05.2021 23:00;12,41;6,21;5,26;6,29;81,19
15.05.2021 00:00;15,91;6,16;5,47;6;79,79
15.05.2021 01:00;17,95;6,66;12,11;13,13;65,67
15.05.2021 02:00;22,69;7,19;31,08;33,01;40,08
15.05.2021 03:00;25,77;6,85;12,36;12,99;69,67
15.05.2021 04:00;22,76;7,07;9,41;9,95;67,8
15.05.2021 05:00;22,01;7,42;12,45;13,24;61,94
15.05.2021 06:00;21,28;7,54;14,74;15,48;53,81
15.05.2021 07:00;20,96;7,62;11,26;12,16;59,88
15.05.2021 08:00;20,62;8,93;9,44;10,98;67
15.05.2021 09:00;18,2;10,08;9,79;11,69;82,49
15.05.2021 10:00;21,08;10,28;7,7;9,59;95,08
15.05.2021 11:00;21,95;10,52;7,48;9,38;102,42
15.05.2021 12:00;22,91;11,59;12,05;14,84;100,75
15.05.2021 13:00;27,09;10,92;11,22;14,5;110,44
15.05.2021 14:00;31,11;10,63;12,82;16,11;115,38
15.05.2021 15:00;35,43;10,21;13,66;18,6;112,68
15.05.2021 16:00;33,89;10,05;10,65;13,42;111,66
15.05.2021 17:00;30,97;9,95;9,91;12,79;111,75
15.05.2021 18:00;27,04;10;9,68;11,99;106,51
15.05.2021 19:00;23,82;8,34;5,57;6,54;95,7
15.05.2021 20:00;22,66;8,4;5,36;6;94,39
15.05.2021 21:00;24,11;7,84;6,22;6,92;92,07
15.05.2021 22:00;25,25;8,19;6,01;6,61;91,83
15.05.2021 23:00;24,91;8,4;8,67;9,26;92,7
16.05.2021 00:00;23,82;9,72;31,01;33,92;57,24
16.05.2021 01:00;20,08;4,96;20,8;22,95;68,16
16.05.2021 02:00;22,99;3,89;5,53;6,17;84,14
16.05.2021 03:00;24,7;4,39;10,74;11,27;70,52
16.05.2021 04:00;19,98;5,01;17,22;23,93;66,38
16.05.2021 05:00;16,33;4,89;10,86;11,42;68,65
16.05.2021 06:00;18,37;16,41;22,12;23,51;40,62
16.05.2021 07:00;25,42;30,53;26,87;30,46;44,21
16.05.2021 08:00;40,55;33,06;28,82;35,14;47,54
16.05.2021 09:00;49,55;11,95;14,2;17,81;62,13
16.05.2021 10:00;43,3;9,41;9,03;10,75;83,45
16.05.2021 11:00;40,85;7,44;7,18;8,83;95,86
16.05.2021 12:00;36,06;5,53;4,35;5,73;96,24
16.05.2021 13:00;30,58;5,26;3,77;4,39;101,89
16.05.2021 14:00;27,41;5,81;6,35;7,51;101,81
16.05.2021 15:00;26,12;5,73;5,6;6,81;97,72
16.05.2021 16:00;21,9;5,7;5,23;6,21;98,73
16.05.2021 17:00;18,94;5,55;5,5;6,85;89,63
16.05.2021 18:00;18,43;5,4;5,3;6,19;89,15
16.05.2021 19:00;17,51;6,04;5,44;6,27;86,9
16.05.2021 20:00;17,39;6,54;5,67;6,47;83,59
16.05.2021 21:00;15,72;6,21;7,03;7,73;83,29
16.05.2021 22:00;18,16;6,41;7,94;8,98;80,13
16.05.2021 23:00;19,39;6,59;7,57;8,12;81,87
17.05.2021 00:00;18,58;7,04;10,14;10,7;79,49
17.05.2021 01:00;17,37;5,4;6,28;6,91;81,45
17.05.2021 02:00;16,29;6,42;6,52;7,05;93,61
17.05.2021 03:00;12,97;6,29;5,58;6,08;86,92
17.05.2021 04:00;11,54;6,66;4,71;5,25;95,32
17.05.2021 05:00;9,2;7,03;5,3;5,76;84,65
17.05.2021 06:00;8,41;7,14;7,03;7,52;73,69
17.05.2021 07:00;10,14;7,28;8,34;9,46;68,61
17.05.2021 08:00;12,92;7,59;14,4;17,6;57,55
17.05.2021 09:00;16,53;9;25,58;33,02;58,68
17.05.2021 10:00;16,75;9,06;14,43;18,64;79,96
17.05.2021 11:00;15,14;9,46;10,31;13,2;87,71
17.05.2021 12:00;16,95;10,03;10,28;12,83;93,43
17.05.2021 13:00;19,41;9,96;9,41;12,17;103,01
17.05.2021 14:00;24,64;10,23;10,36;12,81;103,25
17.05.2021 15:00;28,14;10,53;11,42;14,38;104,57
17.05.2021 16:00;28,38;10,4;13,35;16,62;114,14
17.05.2021 17:00;29,3;11,12;12,43;15,55;117,21
17.05.2021 18:00;30,6;11,19;13,27;15,91;114,03
17.05.2021 19:00;28,28;11,33;16,66;19,68;101,25
17.05.2021 20:00;26,49;11,45;31,21;35,24;74,67
17.05.2021 21:00;27,13;10,97;38,02;41,96;61,83
17.05.2021 22:00;30,01;11,71;49,39;56,24;38,03
17.05.2021 23:00;35,18;11,4;40,52;44,97;41,65
18.05.2021 00:00;33,21;11,44;34,67;37,62;47,42
18.05.2021 01:00;25,29;6,35;18,3;19,66;62,4
18.05.2021 02:00;20,01;6,22;26,74;29,04;56,88
18.05.2021 03:00;15,57;7,02;19,98;21,1;67,73
18.05.2021 04:00;14,69;6,45;13,52;14,28;72,9
18.05.2021 05:00;13,18;5,7;12,98;13,62;70,54
18.05.2021 06:00;10,56;5,97;13,73;14,43;65,22
18.05.2021 07:00;10,98;5,69;16,86;19,8;62,56
18.05.2021 08:00;12,76;5,99;37,74;51,65;50,53
18.05.2021 09:00;21,13;6,05;74,89;114,78;34,84
18.05.2021 10:00;34,14;6,99;42,27;55,14;66,15
18.05.2021 11:00;39,02;10,81;27,46;34,98;80,86
18.05.2021 12:00;41,54;7,02;18,14;22,72;82,07
18.05.2021 13:00;37,69;5,99;8,99;12,12;59,07
18.05.2021 14:00;31,45;6,35;7,27;9,6;65,37
18.05.2021 15:00;27,75;6,66;10,45;13,43;69,48
18.05.2021 16:00;25,14;6,79;10,94;14,22;70,65
18.05.2021 17:00;26,39;6,55;11,32;14,81;69,96
18.05.2021 18:00;23,93;6,62;9,57;12,73;70,55
18.05.2021 19:00;20,1;6,84;10,08;12,03;75,3
18.05.2021 20:00;19,13;7,11;13,48;15,41;76,51
18.05.2021 21:00;18,87;7,61;26,59;29,01;55,55
18.05.2021 22:00;20,11;7,57;21,55;23,65;59,07
18.05.2021 23:00;19,38;7,71;12,33;14,11;63,67
19.05.2021 00:00;18,47;8,06;11,9;13,37;67,71
19.05.2021 01:00;17,4;5,26;17,84;19,64;65,12
19.05.2021 02:00;21,8;6,82;13,51;15,04;73,69
19.05.2021 03:00;26,52;5,88;9,53;10,27;70,39
19.05.2021 04:00;23,69;4,98;7,96;8,66;67,05
19.05.2021 05:00;21,84;5,33;8,26;8,97;64,3
19.05.2021 06:00;22,3;5,34;8,06;8,78;63,04
19.05.2021 07:00;18,71;5,66;5,78;6,63;69,54
19.05.2021 08:00;19,4;7,29;7,01;8,32;73,43
19.05.2021 09:00;18,67;9,44;8,93;11,54;77,8
19.05.2021 10:00;17,76;9,4;5,52;7,25;88,1
19.05.2021 11:00;18,93;8,48;5,71;8,28;94,64
19.05.2021 12:00;20,82;8,67;8,45;9,93;100,63
19.05.2021 13:00;19,57;8,92;13,96;17,15;115,44
19.05.2021 14:00;19,93;10,17;18,74;22,31;130,34
19.05.2021 15:00;25,19;10,97;17,04;20,03;131,97
19.05.2021 16:00;32,1;10,31;18,55;21,8;117,27
19.05.2021 17:00;40,6;9,72;15,88;20,17;109,78
19.05.2021 18:00;44,16;9,62;14,07;18,11;111,24
19.05.2021 19:00;42,39;9,56;20,73;25,18;102,7
19.05.2021 20:00;42,44;10,07;30,46;35,09;85,26
19.05.2021 21:00;43,05;9,54;60,05;71,83;51,46
19.05.2021 22:00;38,64;9,5;61,61;70,74;35,9
19.05.2021 23:00;37,72;10;74,89;88,87;18,15
20.05.2021 00:00;42,44;10,9;46,15;50,85;42,62
20.05.2021 01:00;47,05;5,83;25,42;26,98;67,08
20.05.2021 02:00;45,22;5,83;29,67;31,87;59,99
20.05.2021 03:00;38,59;5,12;30,07;31,45;59,89
20.05.2021 04:00;36,76;5,31;13,91;14,73;77,7
20.05.2021 05:00;33,75;5,46;27,49;28,83;58,16
20.05.2021 06:00;31,03;6,11;37,19;40,03;46,59
20.05.2021 07:00;27,89;4,59;25,06;28,66;57,2
20.05.2021 08:00;27,43;4,69;27,63;34,14;64,59
20.05.2021 09:00;34,23;4,34;30,21;39,4;73,83
20.05.2021 10:00;40,9;9,58;57,06;76,6;57,13
20.05.2021 11:00;52,68;9,96;41,77;54,2;69,12
20.05.2021 12:00;57,29;4,83;21,51;26,79;91,45
20.05.2021 13:00;52,24;2,94;17,8;22,31;92,38
20.05.2021 14:00;49,08;6,29;11,72;14,95;85,64
20.05.2021 15:00;43,73;24,6;9,3;11,57;81,8
20.05.2021 16:00;39,66;4,52;9,23;11,54;84,56
20.05.2021 17:00;36,17;2,04;12,06;15,17;82,13
20.05.2021 18:00;34,07;1,69;11,6;15,08;82,53
20.05.2021 19:00;34,41;2,19;13,23;16,89;79,92
20.05.2021 20:00;34,2;2,03;13,94;15,43;75,65
20.05.2021 21:00;32,36;1,96;21,15;22,68;68,28
20.05.2021 22:00;27,74;1,34;16,49;18,02;69,23
20.05.2021 23:00;22,76;1,61;25,89;28,3;62,77
21.05.2021 00:00;19,42;1,56;20,67;22,56;70,87
21.05.2021 01:00;16,31;4,9;19,83;22,22;71,14
21.05.2021 02:00;13,1;4,84;21,4;23,03;72,15
21.05.2021 03:00;9,71;3,18;11,83;12,43;76,77
21.05.2021 04:00;7,94;2,4;13,43;14,44;71,06
21.05.2021 05:00;7,28;2,04;12,17;12,73;66,61
21.05.2021 06:00;6,21;2,74;42,59;48,66;27,85
21.05.2021 07:00;13,97;7,4;65,5;102,63;13,19
21.05.2021 08:00;31,2;8,62;59,39;89,46;24,21
21.05.2021 09:00;39,37;4,75;46,6;67,39;46,97
21.05.2021 10:00;39,75;9,56;38,72;51,31;62,44
21.05.2021 11:00;40,7;-;21,38;27,75;76,57
21.05.2021 12:00;35,28;-;15,37;19,25;77,4
21.05.2021 13:00;40,52;-;13,3;16,96;70,41
21.05.2021 14:00;60,52;1,45;11,01;14,52;66,88
21.05.2021 15:00;72,01;1,98;10,87;14,34;67,41
21.05.2021 16:00;74,3;2,39;11,6;15,09;71,29
21.05.2021 17:00;66,42;2,42;10,16;13,08;76,17
21.05.2021 18:00;54,08;2,16;8,77;11,03;75,96
21.05.2021 19:00;42,4;2,47;11,38;13,77;77,71
21.05.2021 20:00;33,25;2,93;16,45;18,56;76,1
21.05.2021 21:00;29,55;3,29;17,18;18,9;74,45
21.05.2021 22:00;28,15;3,53;11,39;12,08;89,69
21.05.2021 23:00;29,75;4,63;9,32;10,15;88,28
22.05.2021 00:00;31,13;4,65;9,53;10,5;83,24
22.05.2021 01:00;27,7;4,22;9,25;10,16;92,52
22.05.2021 02:00;24,01;-;-;-;-
22.05.2021 03:00;17,59;4,98;9,57;10,07;93,81
22.05.2021 04:00;12,84;5,01;7,06;7,72;91,36
22.05.2021 05:00;14,48;4,77;6,33;6,76;88,28
22.05.2021 06:00;17,55;5,63;8,71;9,19;82,05
22.05.2021 07:00;13,09;5,2;6,96;7,69;74,47
22.05.2021 08:00;12,3;5,88;7,57;8,58;77,39
22.05.2021 09:00;12,81;5,91;6,44;7,24;88,49
22.05.2021 10:00;10,98;6,19;6,82;7,88;88,58
22.05.2021 11:00;9,96;6,43;6,43;7,79;82,94
22.05.2021 12:00;9,86;6,65;5,52;6,63;86,56
22.05.2021 13:00;11,92;6,9;5,16;6,16;83,02
22.05.2021 14:00;15,06;7,19;6,12;7,57;74,18
22.05.2021 15:00;15,3;7,56;5,65;6,94;77,18
22.05.2021 16:00;11,82;7,67;6,43;7,72;77,45
22.05.2021 17:00;12,69;7,81;6,37;7,67;82,4
22.05.2021 18:00;14,26;7,98;7,59;8,75;79,69
22.05.2021 19:00;12,09;7,87;9,83;10,99;79,95
22.05.2021 20:00;8,85;8,83;8,5;9,48;75,72
22.05.2021 21:00;8,45;8,86;9,03;9,92;72,14
22.05.2021 22:00;10,53;8,93;8,77;9,61;69,16
22.05.2021 23:00;10,34;8,87;7,95;8,85;67,04
23.05.2021 00:00;9,62;9,06;6,97;7,79;67,06
23.05.2021 01:00;9,14;5,04;8,97;9,52;70,27
23.05.2021 02:00;8,67;5,1;8,08;8,9;68,76
23.05.2021 03:00;10,51;5,21;5,53;6,09;73,14
23.05.2021 04:00;9,56;5,55;4,15;4,51;76,86
23.05.2021 05:00;7,96;5,95;3,95;4,7;77,07
23.05.2021 06:00;7,82;5,74;5,7;6,12;75,52
23.05.2021 07:00;8,14;6,21;5,69;6,11;78,63
23.05.2021 08:00;11,28;6,32;5,12;5,8;78,5
23.05.2021 09:00;12,82;6,32;4,94;5,81;84,85
23.05.2021 10:00;12;6,08;4,65;5,48;88,94
23.05.2021 11:00;12,79;5,97;5,31;6,3;91,06
23.05.2021 12:00;10,4;6,43;6,1;7,22;92,38
23.05.2021 13:00;9,93;6,62;5,55;6,59;95,51
23.05.2021 14:00;17,45;7,29;5,23;6,19;96,72
23.05.2021 15:00;25,5;7,26;5,59;6,63;93,64
23.05.2021 16:00;23,66;7,48;6,17;7,35;91,97
23.05.2021 17:00;19,73;7,4;5,8;6,82;95,9
23.05.2021 18:00;15,52;7,83;5,81;6,7;96,55
23.05.2021 19:00;11,82;8,35;7,3;8,15;97
23.05.2021 20:00;13,17;8,52;7,94;8,49;94,84
23.05.2021 21:00;14,84;8,15;9,24;9,63;92,55
23.05.2021 22:00;12,95;7,57;10,24;10,59;90,38
23.05.2021 23:00;13,43;8,45;9,99;10,35;93,86
24.05.2021 00:00;13,27;8,29;11,68;12,17;86,89
24.05.2021 01:00;12,67;4,51;10,18;10,77;69,47
24.05.2021 02:00;12,54;4,09;21,16;23,07;51,38
24.05.2021 03:00;14,18;4,29;15,04;15,86;55,49
24.05.2021 04:00;15,55;3,83;9,51;10,03;63,16
24.05.2021 05:00;16,32;3,99;5,27;5,65;71,1
24.05.2021 06:00;13,73;4,52;9,52;10,07;59,3
24.05.2021 07:00;15,61;4,71;15,07;16,88;55,62
24.05.2021 08:00;21,19;4,81;10,45;12,69;69,73
24.05.2021 09:00;25;5,64;7,22;8,82;76,97
24.05.2021 10:00;20,49;6,15;7,38;9,25;79,13
24.05.2021 11:00;18,42;6,54;7,12;8,93;84,61
24.05.2021 12:00;20,26;7,01;5,82;7,3;92,21
24.05.2021 13:00;17,4;7;6,67;8,58;93,88
24.05.2021 14:00;17,33;7,59;6,32;7,9;95,05
24.05.2021 15:00;21,24;8,09;7,48;9,52;95,61
24.05.2021 16:00;21;8,34;7,56;9,63;94,98
24.05.2021 17:00;21,71;8,53;8,72;11,2;95,46
24.05.2021 18:00;21,59;9;10,37;13,01;94,29
24.05.2021 19:00;17,34;9,41;15,31;18,83;90,35
24.05.2021 20:00;15,38;9,39;24,2;27,09;74,46
24.05.2021 21:00;17,66;9,7;53,71;59,93;35,65
24.05.2021 22:00;18,31;9,34;45,51;50,05;36,84
24.05.2021 23:00;18,98;9,41;29,95;31,87;58,37
25.05.2021 00:00;21,03;8,78;25,82;27,31;59,67
25.05.2021 01:00;23,35;4,23;37,73;41,43;42,68
25.05.2021 02:00;26,91;3,95;35,23;37,58;41,3
25.05.2021 03:00;29,06;4,12;14,45;15,28;60,54
25.05.2021 04:00;24,48;3,8;19,47;20,52;54,28
25.05.2021 05:00;19,9;4,33;20,38;21,37;53,3
25.05.2021 06:00;20,41;4,55;35,11;38,24;41,86
25.05.2021 07:00;19,78;4,35;18,92;21,25;55,65
25.05.2021 08:00;17,75;4,54;12,9;14,99;75,41
25.05.2021 09:00;19,26;5,24;8,73;10,8;83,82
25.05.2021 10:00;19,99;5,72;7,14;9,04;89,04
25.05.2021 11:00;16,83;6,08;5,91;7,38;91,73
25.05.2021 12:00;12,98;6,64;6,63;8,37;93,76
25.05.2021 13:00;12,92;7,24;7,5;9,33;96,08
25.05.2021 14:00;15,51;7,35;5,59;6,76;97,85
25.05.2021 15:00;14,86;7,67;7,58;9,38;101,52
25.05.2021 16:00;16,9;7,85;7,98;10,12;104,98
25.05.2021 17:00;21,22;8,18;10,14;12,54;103,44
25.05.2021 18:00;18,67;7,82;11,48;14,06;103,96
25.05.2021 19:00;17,06;7,63;16,58;21,24;97,64
25.05.2021 20:00;15,62;7,66;35,08;40,62;72,78
25.05.2021 21:00;18,2;9,15;79,8;110,41;29,33
25.05.2021 22:00;31,93;8,23;81,54;106,85;9,51
25.05.2021 23:00;42,57;6,59;37,82;40,76;43,36
26.05.2021 00:00;36,99;6,09;19,5;20,98;60,02
26.05.2021 01:00;33,83;4,96;35,1;37,86;45,02
26.05.2021 02:00;36,36;4,66;18,13;19,68;63,73
26.05.2021 03:00;31,71;4,37;15,46;16,43;67,45
26.05.2021 04:00;26,22;5,07;16,48;17,45;69,91
26.05.2021 05:00;24,01;4,17;19,12;20,04;65,7
26.05.2021 06:00;21,73;4,56;8,66;9,27;77,36
26.05.2021 07:00;20,61;4,82;18,72;20,23;67,81
26.05.2021 08:00;24,97;4,9;20,18;25,44;68,35
26.05.2021 09:00;31,99;5,17;16,74;21,09;81,18
26.05.2021 10:00;31,51;5,44;9,58;12,02;97,91
26.05.2021 11:00;26,96;6;8,16;10,69;107,77
26.05.2021 12:00;22,18;6,08;6,51;7,59;118,39
26.05.2021 13:00;20,75;6,39;7,71;9,58;121,9
26.05.2021 14:00;20,08;6,6;8,6;11,61;123
26.05.2021 15:00;19,69;6,76;9,25;12,27;127,47
26.05.2021 16:00;23,89;6,81;8,13;9,86;131,21
26.05.2021 17:00;25,15;6,94;8,61;10,06;131,93
26.05.2021 18:00;22,35;6,74;13,24;15,82;130,72
26.05.2021 19:00;20,09;6,92;20,25;24,53;120,57
26.05.2021 20:00;23,07;7,12;36,02;41,81;89,92
26.05.2021 21:00;31,14;7,45;66,04;75,96;44,81
26.05.2021 22:00;-;-;-;-;-
26.05.2021 23:00;33,48;7,13;43,89;46,85;50,66
27.05.2021 00:00;35,87;5,55;29,23;31,04;62,67
27.05.2021 01:00;36,75;4,76;26,65;28,24;59,63
27.05.2021 02:00;30,93;4,31;19,95;21,03;65,45
27.05.2021 03:00;30,6;4,44;22,04;22,88;61,93
27.05.2021 04:00;27,75;4,42;21,97;22,72;61,27
27.05.2021 05:00;24,61;4,09;9,33;9,8;73,41
27.05.2021 06:00;20,2;4,04;13,05;13,67;68,72
27.05.2021 07:00;18;4,09;11,68;12,73;67,96
27.05.2021 08:00;23,14;3,91;17,71;20,41;70,19
27.05.2021 09:00;24,3;3,75;15,1;17,97;74,77
27.05.2021 10:00;23,42;3,76;12,52;14,83;86,28
27.05.2021 11:00;30,14;4,51;15,54;17,9;83,82
27.05.2021 12:00;30,83;5,29;11,73;13,43;99,36
27.05.2021 13:00;29,65;5,49;7,41;8,77;108,54
27.05.2021 14:00;30,45;5,78;7,39;8,68;110,03
27.05.2021 15:00;29,98;5,81;8,37;10,09;106,6
27.05.2021 16:00;28,12;6,2;12,49;13,83;100,89
27.05.2021 17:00;24,27;6,08;21,05;23,5;89,47
27.05.2021 18:00;27,37;6,88;26,98;30,77;88,1
27.05.2021 19:00;30,63;6,4;36,28;39,31;70,49
27.05.2021 20:00;30,67;6,81;19,49;21,49;78,02
27.05.2021 21:00;32,89;6,83;12,17;14,3;90,51
27.05.2021 22:00;34,11;6,68;39,34;43,03;54,44
27.05.2021 23:00;27,05;7,56;27,7;30,98;65,37
28.05.2021 00:00;23,25;8,36;19,74;20,84;82,83
28.05.2021 01:00;17,71;4,74;16,4;17,5;78,87
28.05.2021 02:00;14,92;4,64;16,02;17,03;81,04
28.05.2021 03:00;13,82;4,89;32,26;33,95;54,15
28.05.2021 04:00;11,2;5,03;23,28;24,48;56,02
28.05.2021 05:00;-;4,54;-;-;-
28.05.2021 06:00;9,33;4,44;26,52;28,26;51,32
28.05.2021 07:00;7,05;4,78;20,91;23,74;59,5
28.05.2021 08:00;7,87;5,3;21,18;26,46;68,31
28.05.2021 09:00;13,14;5,02;37,75;52,15;60,05
28.05.2021 10:00;18,03;5,61;37,76;49,02;78,57
28.05.2021 11:00;23,23;11,51;46,75;59,9;80,54
28.05.2021 12:00;30,72;9,12;29,8;36,01;99,09
28.05.2021 13:00;32,37;8,31;26,43;31,52;107,51
28.05.2021 14:00;31,69;7,45;16;18,85;113,07
28.05.2021 15:00;32,67;7,04;11,84;13,97;113,75
28.05.2021 16:00;31,71;7,29;11,43;12,93;112,48
28.05.2021 17:00;29,23;7,61;13,48;14,94;111,37
28.05.2021 18:00;29,89;7,39;11,93;13,52;96,2
28.05.2021 19:00;32,04;7,43;13,31;15,42;85,78
28.05.2021 20:00;25,53;7,47;19,47;22,4;79,05
28.05.2021 21:00;28,79;7,98;18,73;20,83;76,3
28.05.2021 22:00;35,13;7,57;10,96;12,89;80,51
28.05.2021 23:00;36,75;7,9;12;13,07;79,04
29.05.2021 00:00;33,89;7,74;12,67;13,73;78,74
29.05.2021 01:00;30,22;4,25;13,2;15,66;73,24
29.05.2021 02:00;27,89;4,18;12,3;14,14;77,41
29.05.2021 03:00;31,32;4,36;8,06;8,79;83,92
29.05.2021 04:00;40,58;4,78;6,23;6,86;91,91
29.05.2021 05:00;39,22;5,72;6,33;7,14;93,43
29.05.2021 06:00;31,18;6,14;7;8,35;96,01
29.05.2021 07:00;25,72;6,28;6,01;6,65;88,57
29.05.2021 08:00;22,74;5,97;8,29;10,1;77,72
29.05.2021 09:00;20,86;6,62;9,33;11,11;83,95
29.05.2021 10:00;20,97;6,63;8,77;10,37;88,46
29.05.2021 11:00;23,25;6,64;7,26;8,72;87,39
29.05.2021 12:00;23,5;7,27;7,96;9,52;91,2
29.05.2021 13:00;23,5;6,73;7,01;8,35;93,02
29.05.2021 14:00;26,84;6,9;7,07;8,38;95,61
29.05.2021 15:00;27,74;7,19;7,49;8,91;94,93
29.05.2021 16:00;21,38;7,32;7,31;8,56;98,47
29.05.2021 17:00;18,31;7,78;8,07;9,36;99,06
29.05.2021 18:00;18;7,94;7,8;8,96;98,11
29.05.2021 19:00;19,16;7,92;8,65;9,66;97,34
29.05.2021 20:00;19,86;7,34;10,87;11,67;91,59
29.05.2021 21:00;18,83;7,09;15,67;16,5;78,66
29.05.2021 22:00;17,29;6,86;12,78;13,71;76,88
29.05.2021 23:00;15,5;7,13;10,24;10,98;74,14
30.05.2021 00:00;16,78;7,33;30,86;32,08;50,6
30.05.2021 01:00;16,79;6,04;13,98;14,85;65,7
30.05.2021 02:00;20,53;5,96;15,67;16,69;65,04
30.05.2021 03:00;21,99;5,66;12,86;13,61;65,62
30.05.2021 04:00;17,4;5,62;13,24;13,84;63,58
30.05.2021 05:00;13,78;5,76;15,7;16,72;54,79
30.05.2021 06:00;11,47;5,66;10,47;11,25;56,71
30.05.2021 07:00;11,93;5,63;11,4;12,68;53,53
30.05.2021 08:00;14,54;6,31;7,15;8,38;74,3
30.05.2021 09:00;17,64;6,78;6,04;7,48;83,67
30.05.2021 10:00;16,1;7,52;7,98;9,64;91,38
30.05.2021 11:00;15,15;7,88;16,38;20,82;88,51
30.05.2021 12:00;19,13;8,79;8,77;10,56;99,8
30.05.2021 13:00;405,17;8,66;10,65;13,1;104,52
30.05.2021 14:00;809,73;8,57;10,2;12,28;108,28
30.05.2021 15:00;102,41;8,92;9,57;11,69;110,95
30.05.2021 16:00;31,13;9,83;10,13;11,99;113,31
30.05.2021 17:00;24;9,41;12,58;15,03;109,98
30.05.2021 18:00;21,4;8,97;13,89;15,88;107,87
30.05.2021 19:00;33,28;8,28;9,55;10,94;100,64
30.05.2021 20:00;19,72;8,91;11,69;12,82;94,59
30.05.2021 21:00;21,99;7,99;9,17;10,43;89,88
30.05.2021 22:00;41,45;8,28;6,94;7,91;90,11
30.05.2021 23:00;25,36;8,86;11,47;12,33;87,24
31.05.2021 00:00;16,54;8,42;15,76;17,03;79,62
31.05.2021 01:00;32,48;4,82;9,71;10,41;76,44
31.05.2021 02:00;-;4,84;-;-;-
31.05.2021 03:00;40,75;5,12;25,63;26,7;49,48
31.05.2021 04:00;22,22;4,91;8;8,61;72,31
31.05.2021 05:00;18,56;4,98;7,9;8,35;72,38
31.05.2021 06:00;24,5;4,8;11,51;12,35;60,87
31.05.2021 07:00;19,83;5,52;24,96;28,36;44,04
31.05.2021 08:00;30,2;5,28;18,39;22,13;61,26
31.05.2021 09:00;33,75;5,67;9,45;12,22;76,68
31.05.2021 10:00;16,49;6,48;7,96;9,91;88,84
31.05.2021 11:00;20,94;7,19;8,13;10,17;97,02
31.05.2021 12:00;32,21;7,72;15,34;18,64;98,09
31.05.2021 13:00;25,35;8,02;17,77;21,32;109,17
31.05.2021 14:00;30,14;7,93;15,23;17,32;106,43
31.05.2021 15:00;34,33;7,65;10,58;13,45;110,18
31.05.2021 16:00;29,5;7,15;15,03;17,81;97,89
31.05.2021 17:00;34,67;6,38;14,53;17,34;70,29
31.05.2021 18:00;34,94;6,9;14,32;16,74;68,88
31.05.2021 19:00;28,71;7,28;14,92;17,43;69,08
31.05.2021 20:00;22,15;7,58;26,67;29,45;56,42
31.05.2021 21:00;22;7,12;29,08;31,43;51,13
31.05.2021 22:00;20,8;7,14;27,42;29,02;48,66
31.05.2021 23:00;20,65;7,25;21,85;23,82;54,77
1.06.2021 00:00;18,81;7;25,91;27,6;48,19
1.06.2021 01:00;19,76;3,27;23,63;25,07;42,94
1.06.2021 02:00;18,04;3,75;13,9;14,86;56,92
1.06.2021 03:00;15,6;3,52;21,08;22,31;51,98
1.06.2021 04:00;16,52;3,54;34,82;39,06;22,84
1.06.2021 05:00;19,03;3,31;29,25;33,11;25,68
1.06.2021 06:00;18,98;3,34;16,05;17,77;41,46
1.06.2021 07:00;16,94;3,94;12,6;14,09;54,21
1.06.2021 08:00;22,74;4,42;18,7;22,61;60,52
1.06.2021 09:00;28,28;5,49;13,44;16,84;71,91
1.06.2021 10:00;28,27;5,81;27,08;34,79;62,39
1.06.2021 11:00;28,73;8,68;29,47;38,46;68,38
1.06.2021 12:00;-;-;-;-;-
1.06.2021 13:00;-;-;-;-;-
1.06.2021 14:00;-;-;-;-;-
1.06.2021 15:00;-;-;-;-;-
1.06.2021 16:00;-;-;-;-;-
1.06.2021 17:00;-;-;-;-;-
1.06.2021 18:00;-;-;-;-;-
1.06.2021 19:00;-;-;-;-;-
1.06.2021 20:00;-;-;-;-;-
1.06.2021 21:00;-;-;-;-;-
1.06.2021 22:00;-;-;-;-;-
1.06.2021 23:00;-;-;-;-;-
2.06.2021 00:00;-;-;-;-;-
2.06.2021 01:00;-;-;-;-;-
2.06.2021 02:00;-;-;-;-;-
2.06.2021 03:00;-;-;-;-;-
2.06.2021 04:00;-;-;-;-;-
2.06.2021 05:00;-;-;-;-;-
2.06.2021 06:00;-;-;-;-;-
2.06.2021 07:00;-;-;-;-;-
2.06.2021 08:00;-;-;-;-;-
2.06.2021 09:00;-;-;-;-;-
2.06.2021 10:00;-;-;-;-;-
2.06.2021 11:00;-;-;-;-;-
2.06.2021 12:00;-;-;-;-;-
2.06.2021 13:00;-;-;-;-;-
2.06.2021 14:00;-;-;-;-;-
2.06.2021 15:00;-;-;-;-;-
2.06.2021 16:00;-;-;-;-;-
2.06.2021 17:00;-;-;-;-;-
2.06.2021 18:00;-;-;-;-;-
2.06.2021 19:00;-;-;-;-;-
2.06.2021 20:00;-;-;-;-;-
2.06.2021 21:00;-;-;-;-;-
2.06.2021 22:00;-;-;-;-;-
2.06.2021 23:00;-;-;-;-;-
3.06.2021 00:00;-;-;-;-;-
3.06.2021 01:00;-;-;-;-;-
3.06.2021 02:00;-;-;-;-;-
3.06.2021 03:00;-;-;-;-;-
3.06.2021 04:00;-;-;-;-;-
3.06.2021 05:00;-;-;-;-;-
3.06.2021 06:00;-;-;-;-;-
3.06.2021 07:00;-;-;-;-;-
3.06.2021 08:00;-;-;-;-;-
3.06.2021 09:00;-;-;-;-;-
3.06.2021 10:00;-;-;-;-;-
3.06.2021 11:00;-;-;-;-;-
3.06.2021 12:00;-;-;-;-;-
3.06.2021 13:00;-;-;-;-;-
3.06.2021 14:00;-;-;-;-;-
3.06.2021 15:00;-;-;-;-;-
3.06.2021 16:00;-;-;-;-;-
3.06.2021 17:00;-;-;-;-;-
3.06.2021 18:00;-;-;-;-;-
3.06.2021 19:00;-;-;-;-;-
3.06.2021 20:00;-;-;-;-;-
3.06.2021 21:00;-;-;-;-;-
3.06.2021 22:00;-;-;-;-;-
3.06.2021 23:00;-;-;-;-;-
4.06.2021 00:00;-;-;-;-;-
4.06.2021 01:00;-;-;-;-;-
4.06.2021 02:00;-;-;-;-;-
4.06.2021 03:00;-;-;-;-;-
4.06.2021 04:00;-;-;-;-;-
4.06.2021 05:00;-;-;-;-;-
4.06.2021 06:00;-;-;-;-;-
4.06.2021 07:00;-;-;-;-;-
4.06.2021 08:00;-;-;-;-;-
4.06.2021 09:00;-;-;-;-;-
4.06.2021 10:00;-;-;-;-;-
4.06.2021 11:00;-;-;-;-;-
4.06.2021 12:00;-;-;-;-;-
4.06.2021 13:00;-;-;-;-;-
4.06.2021 14:00;-;-;-;-;-
4.06.2021 15:00;-;-;-;-;-
4.06.2021 16:00;-;-;-;-;-
4.06.2021 17:00;-;-;-;-;-
4.06.2021 18:00;-;-;-;-;-
4.06.2021 19:00;-;-;-;-;-
4.06.2021 20:00;-;-;-;-;-
4.06.2021 21:00;-;-;-;-;-
4.06.2021 22:00;-;-;-;-;-
4.06.2021 23:00;-;-;-;-;-
5.06.2021 00:00;-;-;-;-;-
5.06.2021 01:00;-;-;-;-;-
5.06.2021 02:00;-;-;-;-;-
5.06.2021 03:00;-;-;-;-;-
5.06.2021 04:00;-;-;-;-;-
5.06.2021 05:00;-;-;-;-;-
5.06.2021 06:00;-;-;-;-;-
5.06.2021 07:00;-;-;-;-;-
5.06.2021 08:00;-;-;-;-;-
5.06.2021 09:00;-;-;-;-;-
5.06.2021 10:00;-;-;-;-;-
5.06.2021 11:00;-;-;-;-;-
5.06.2021 12:00;-;-;-;-;-
5.06.2021 13:00;-;-;-;-;-
5.06.2021 14:00;-;-;-;-;-
5.06.2021 15:00;-;-;-;-;-
5.06.2021 16:00;-;-;-;-;-
5.06.2021 17:00;-;-;-;-;-
5.06.2021 18:00;-;-;-;-;-
5.06.2021 19:00;-;-;-;-;-
5.06.2021 20:00;-;-;-;-;-
5.06.2021 21:00;-;-;-;-;-
5.06.2021 22:00;-;-;-;-;-
5.06.2021 23:00;-;-;-;-;-
6.06.2021 00:00;-;-;-;-;-
6.06.2021 01:00;-;-;-;-;-
6.06.2021 02:00;-;-;-;-;-
6.06.2021 03:00;-;-;-;-;-
6.06.2021 04:00;-;-;-;-;-
6.06.2021 05:00;-;-;-;-;-
6.06.2021 06:00;-;-;-;-;-
6.06.2021 07:00;-;-;-;-;-
6.06.2021 08:00;-;-;-;-;-
6.06.2021 09:00;-;-;-;-;-
6.06.2021 10:00;-;-;-;-;-
6.06.2021 11:00;-;-;-;-;-
6.06.2021 12:00;-;-;-;-;-
6.06.2021 13:00;-;-;-;-;-
6.06.2021 14:00;-;-;-;-;-
6.06.2021 15:00;-;-;-;-;-
6.06.2021 16:00;-;-;-;-;-
6.06.2021 17:00;-;-;-;-;-
6.06.2021 18:00;-;-;-;-;-
6.06.2021 19:00;-;-;-;-;-
6.06.2021 20:00;-;-;-;-;-
6.06.2021 21:00;-;-;-;-;-
6.06.2021 22:00;-;-;-;-;-
6.06.2021 23:00;-;-;-;-;-
7.06.2021 00:00;-;-;-;-;-
7.06.2021 01:00;-;-;-;-;-
7.06.2021 02:00;-;-;-;-;-
7.06.2021 03:00;-;-;-;-;-
7.06.2021 04:00;-;-;-;-;-
7.06.2021 05:00;-;-;-;-;-
7.06.2021 06:00;-;-;-;-;-
7.06.2021 07:00;-;-;-;-;-
7.06.2021 08:00;-;-;-;-;-
7.06.2021 09:00;-;-;-;-;-
7.06.2021 10:00;-;-;-;-;-
7.06.2021 11:00;-;-;-;-;-
7.06.2021 12:00;-;-;-;-;-
7.06.2021 13:00;-;-;-;-;-
7.06.2021 14:00;-;-;-;-;-
7.06.2021 15:00;-;-;-;-;-
7.06.2021 16:00;-;-;-;-;-
7.06.2021 17:00;-;-;-;-;-
7.06.2021 18:00;-;-;-;-;-
7.06.2021 19:00;-;-;-;-;-
7.06.2021 20:00;-;-;-;-;-
7.06.2021 21:00;-;-;-;-;-
7.06.2021 22:00;-;-;-;-;-
7.06.2021 23:00;-;-;-;-;-
8.06.2021 00:00;-;-;-;-;-
8.06.2021 01:00;-;-;-;-;-
8.06.2021 02:00;-;-;-;-;-
8.06.2021 03:00;-;-;-;-;-
8.06.2021 04:00;-;-;-;-;-
8.06.2021 05:00;-;-;-;-;-
8.06.2021 06:00;-;-;-;-;-
8.06.2021 07:00;-;-;-;-;-
8.06.2021 08:00;-;-;-;-;-
8.06.2021 09:00;-;-;-;-;-
8.06.2021 10:00;-;-;-;-;-
8.06.2021 11:00;-;-;-;-;-
8.06.2021 12:00;-;-;-;-;-
8.06.2021 13:00;-;-;-;-;-
8.06.2021 14:00;-;-;-;-;-
8.06.2021 15:00;-;-;-;-;-
8.06.2021 16:00;-;-;-;-;-
8.06.2021 17:00;-;-;-;-;-
8.06.2021 18:00;-;-;-;-;-
8.06.2021 19:00;-;-;-;-;-
8.06.2021 20:00;-;-;-;-;-
8.06.2021 21:00;-;-;-;-;-
8.06.2021 22:00;-;-;-;-;-
8.06.2021 23:00;-;-;-;-;-
9.06.2021 00:00;-;-;-;-;-
9.06.2021 01:00;-;-;-;-;-
9.06.2021 02:00;-;-;-;-;-
9.06.2021 03:00;-;-;-;-;-
9.06.2021 04:00;-;-;-;-;-
9.06.2021 05:00;-;-;-;-;-
9.06.2021 06:00;-;-;-;-;-
9.06.2021 07:00;-;-;-;-;-
9.06.2021 08:00;-;-;-;-;-
9.06.2021 09:00;-;-;-;-;-
9.06.2021 10:00;-;-;-;-;-
9.06.2021 11:00;-;-;-;-;-
9.06.2021 12:00;-;-;-;-;-
9.06.2021 13:00;-;-;-;-;-
9.06.2021 14:00;-;-;-;-;-
9.06.2021 15:00;-;-;-;-;-
9.06.2021 16:00;-;-;-;-;-
9.06.2021 17:00;-;-;-;-;-
9.06.2021 18:00;-;-;-;-;-
9.06.2021 19:00;-;-;-;-;-
9.06.2021 20:00;-;-;-;-;-
9.06.2021 21:00;-;-;-;-;-
9.06.2021 22:00;-;-;-;-;-
9.06.2021 23:00;-;-;-;-;-
10.06.2021 00:00;-;-;-;-;-
10.06.2021 01:00;-;-;-;-;-
10.06.2021 02:00;-;-;-;-;-
10.06.2021 03:00;-;-;-;-;-
10.06.2021 04:00;-;-;-;-;-
10.06.2021 05:00;-;-;-;-;-
10.06.2021 06:00;-;-;-;-;-
10.06.2021 07:00;-;-;-;-;-
10.06.2021 08:00;-;-;-;-;-
10.06.2021 09:00;-;-;-;-;-
10.06.2021 10:00;-;-;-;-;-
10.06.2021 11:00;-;-;-;-;-
10.06.2021 12:00;-;-;-;-;-
10.06.2021 13:00;-;-;-;-;-
10.06.2021 14:00;-;-;-;-;-
10.06.2021 15:00;-;-;-;-;-
10.06.2021 16:00;-;-;-;-;-
10.06.2021 17:00;-;-;-;-;-
10.06.2021 18:00;-;-;-;-;-
10.06.2021 19:00;-;-;-;-;-
10.06.2021 20:00;-;-;-;-;-
10.06.2021 21:00;-;-;-;-;-
10.06.2021 22:00;-;-;-;-;-
10.06.2021 23:00;-;-;-;-;-
11.06.2021 00:00;-;-;-;-;-
11.06.2021 01:00;-;-;-;-;-
11.06.2021 02:00;-;-;-;-;-
11.06.2021 03:00;-;-;-;-;-
11.06.2021 04:00;-;-;-;-;-
11.06.2021 05:00;-;-;-;-;-
11.06.2021 06:00;-;-;-;-;-
11.06.2021 07:00;-;-;-;-;-
11.06.2021 08:00;-;-;-;-;-
11.06.2021 09:00;-;-;-;-;-
11.06.2021 10:00;-;-;-;-;-
11.06.2021 11:00;-;-;-;-;-
11.06.2021 12:00;-;-;-;-;-
11.06.2021 13:00;-;-;-;-;-
11.06.2021 14:00;-;-;-;-;-
11.06.2021 15:00;-;-;-;-;-
11.06.2021 16:00;-;-;-;-;-
11.06.2021 17:00;-;-;-;-;-
11.06.2021 18:00;-;-;-;-;-
11.06.2021 19:00;-;-;-;-;-
11.06.2021 20:00;-;-;-;-;-
11.06.2021 21:00;-;-;-;-;-
11.06.2021 22:00;-;-;-;-;-
11.06.2021 23:00;-;-;-;-;-
12.06.2021 00:00;-;-;-;-;-
12.06.2021 01:00;-;-;-;-;-
12.06.2021 02:00;-;-;-;-;-
12.06.2021 03:00;-;-;-;-;-
12.06.2021 04:00;-;-;-;-;-
12.06.2021 05:00;-;-;-;-;-
12.06.2021 06:00;-;-;-;-;-
12.06.2021 07:00;-;-;-;-;-
12.06.2021 08:00;-;-;-;-;-
12.06.2021 09:00;-;-;-;-;-
12.06.2021 10:00;-;-;-;-;-
12.06.2021 11:00;-;-;-;-;-
12.06.2021 12:00;-;-;-;-;-
12.06.2021 13:00;-;-;-;-;-
12.06.2021 14:00;-;-;-;-;-
12.06.2021 15:00;-;-;-;-;-
12.06.2021 16:00;-;-;-;-;-
12.06.2021 17:00;-;-;-;-;-
12.06.2021 18:00;-;-;-;-;-
12.06.2021 19:00;-;-;-;-;-
12.06.2021 20:00;-;-;-;-;-
12.06.2021 21:00;-;-;-;-;-
12.06.2021 22:00;-;-;-;-;-
12.06.2021 23:00;-;-;-;-;-
13.06.2021 00:00;-;-;-;-;-
13.06.2021 01:00;-;-;-;-;-
13.06.2021 02:00;-;-;-;-;-
13.06.2021 03:00;-;-;-;-;-
13.06.2021 04:00;-;-;-;-;-
13.06.2021 05:00;-;-;-;-;-
13.06.2021 06:00;-;-;-;-;-
13.06.2021 07:00;-;-;-;-;-
13.06.2021 08:00;-;-;-;-;-
13.06.2021 09:00;-;-;-;-;-
13.06.2021 10:00;-;-;-;-;-
13.06.2021 11:00;-;-;-;-;-
13.06.2021 12:00;-;-;-;-;-
13.06.2021 13:00;-;-;-;-;-
13.06.2021 14:00;-;-;-;-;-
13.06.2021 15:00;-;-;-;-;-
13.06.2021 16:00;-;-;-;-;-
13.06.2021 17:00;-;-;-;-;-
13.06.2021 18:00;-;-;-;-;-
13.06.2021 19:00;-;-;-;-;-
13.06.2021 20:00;-;-;-;-;-
13.06.2021 21:00;-;-;-;-;-
13.06.2021 22:00;-;-;-;-;-
13.06.2021 23:00;-;-;-;-;-
14.06.2021 00:00;-;-;-;-;-
14.06.2021 01:00;-;-;-;-;-
14.06.2021 02:00;-;-;-;-;-
14.06.2021 03:00;-;-;-;-;-
14.06.2021 04:00;-;-;-;-;-
14.06.2021 05:00;-;-;-;-;-
14.06.2021 06:00;-;-;-;-;-
14.06.2021 07:00;-;-;-;-;-
14.06.2021 08:00;-;-;-;-;-
14.06.2021 09:00;-;-;-;-;-
14.06.2021 10:00;-;-;-;-;-
14.06.2021 11:00;-;-;-;-;-
14.06.2021 12:00;-;-;-;-;-
14.06.2021 13:00;-;-;-;-;-
14.06.2021 14:00;-;-;-;-;-
14.06.2021 15:00;-;-;-;-;-
14.06.2021 16:00;-;-;-;-;-
14.06.2021 17:00;-;-;-;-;-
14.06.2021 18:00;-;-;-;-;-
14.06.2021 19:00;-;-;-;-;-
14.06.2021 20:00;-;-;-;-;-
14.06.2021 21:00;-;-;-;-;-
14.06.2021 22:00;-;-;-;-;-
14.06.2021 23:00;-;-;-;-;-
15.06.2021 00:00;-;-;-;-;-
15.06.2021 01:00;-;-;-;-;-
15.06.2021 02:00;-;-;-;-;-
15.06.2021 03:00;-;-;-;-;-
15.06.2021 04:00;-;-;-;-;-
15.06.2021 05:00;-;-;-;-;-
15.06.2021 06:00;-;-;-;-;-
15.06.2021 07:00;-;-;-;-;-
15.06.2021 08:00;-;-;-;-;-
15.06.2021 09:00;-;-;-;-;-
15.06.2021 10:00;-;-;-;-;-
15.06.2021 11:00;-;-;-;-;-
