Tarih;Konya - Karatay;;;;;
;PM10 ( µg/m3 );SO2 ( µg/m3 );CO ( µg/m3 );NO2 ( µg/m3 );NOX ( µg/m3 );O3 ( µg/m3 )
27.04.2021 15:00;21,67;-;151,1;7,35;8,26;102,46
27.04.2021 16:00;23,99;-;46,95;8,36;8,92;104,71
27.04.2021 17:00;36,34;84,61;-;11,19;11,72;104,75
27.04.2021 18:00;-;-;-;-;-;-
27.04.2021 19:00;-;-;-;-;-;-
27.04.2021 20:00;47,07;-;-;-;-;-
27.04.2021 21:00;53,26;71,77;137,67;-;-;43,74
27.04.2021 22:00;74,32;92,39;450,73;79,14;89,64;18,92
27.04.2021 23:00;79,72;92,37;226,7;74,41;79;14,21
28.04.2021 00:00;79,3;93,9;282,08;74,87;85,12;7,67
28.04.2021 01:00;77,94;-;1.139,50;68,9;82,25;3,9
28.04.2021 02:00;79,77;-;1.577,07;74,98;110,89;4,78
28.04.2021 03:00;81,33;-;1.657,90;65,99;90,31;5,16
28.04.2021 04:00;88,35;-;1.182,94;57,17;77,61;3,35
28.04.2021 05:00;85,65;-;499,61;42,69;46,53;8,4
28.04.2021 06:00;78,82;-;601,15;41,16;45,28;6,57
28.04.2021 07:00;58,52;-;810,17;48,03;62,02;5,49
28.04.2021 08:00;61,39;-;620,39;50,74;76,86;13,35
28.04.2021 09:00;61,88;-;447,19;52,33;83,06;23,07
28.04.2021 10:00;52,13;-;332,05;38,24;54,09;40,57
28.04.2021 11:00;-;-;-;-;-;-
28.04.2021 12:00;-;-;-;-;-;-
28.04.2021 13:00;-;-;-;-;-;-
28.04.2021 14:00;-;-;-;-;-;-
28.04.2021 15:00;-;-;-;-;-;-
28.04.2021 16:00;-;-;-;-;-;-
28.04.2021 17:00;-;-;-;-;-;-
28.04.2021 18:00;-;-;-;-;-;-
28.04.2021 19:00;-;-;-;-;-;-
28.04.2021 20:00;-;-;-;-;-;-
28.04.2021 21:00;4,86;83,43;-;52,38;58,84;27,44
28.04.2021 22:00;50,13;110,28;-;48,13;51,25;34,82
28.04.2021 23:00;-;-;-;-;-;-
29.04.2021 00:00;58,76;-;-;-;-;-
29.04.2021 01:00;46,07;-;834,65;57,73;62,06;13,13
29.04.2021 02:00;51,45;10,34;910,85;54,93;59,77;8,41
29.04.2021 03:00;44,7;11,53;412,64;38,02;40,89;21,26
29.04.2021 04:00;60,86;11,07;258,62;22,42;23,82;36,09
29.04.2021 05:00;41,63;12,01;491,08;27,67;29,72;27,47
29.04.2021 06:00;55,25;20,5;456,75;51,59;57,24;6,97
29.04.2021 07:00;51,41;22,92;456,76;49,84;61,64;3,95
29.04.2021 08:00;43,01;14,27;699,5;67,1;115,82;4,09
29.04.2021 09:00;56,71;7,62;518,32;67,15;116,99;5,15
29.04.2021 10:00;-;-;-;-;-;-
29.04.2021 11:00;-;-;-;-;-;-
29.04.2021 12:00;-;-;-;-;-;-
29.04.2021 13:00;-;-;-;-;-;-
29.04.2021 14:00;-;-;-;-;-;-
29.04.2021 15:00;-;-;-;-;-;-
29.04.2021 16:00;-;-;-;-;-;-
29.04.2021 17:00;-;-;-;-;-;-
29.04.2021 18:00;-;-;-;-;-;-
29.04.2021 19:00;-;-;-;-;-;-
29.04.2021 20:00;-;-;-;-;-;-
29.04.2021 21:00;-;-;-;-;-;-
29.04.2021 22:00;-;62,55;-;-;-;45,13
29.04.2021 23:00;38,04;61,09;-;-;-;64,79
30.04.2021 00:00;-;-;-;-;-;-
30.04.2021 01:00;-;-;-;-;-;-
30.04.2021 02:00;39,44;-;-;-;-;66,77
30.04.2021 03:00;29,56;-;-;-;-;60,4
30.04.2021 04:00;25,93;-;-;-;-;39,62
30.04.2021 05:00;38,25;-;-;-;-;44,16
30.04.2021 06:00;31,07;-;-;-;-;39,37
30.04.2021 07:00;20,4;-;-;-;-;24,81
30.04.2021 08:00;31,02;-;-;-;-;50,65
30.04.2021 09:00;-;-;-;-;-;-
30.04.2021 10:00;-;-;-;-;-;-
30.04.2021 11:00;-;-;-;-;-;-
30.04.2021 12:00;-;-;-;-;-;-
30.04.2021 13:00;-;-;-;-;-;-
30.04.2021 14:00;-;-;-;-;-;-
30.04.2021 15:00;-;-;-;-;-;-
30.04.2021 16:00;-;-;-;-;-;-
30.04.2021 17:00;-;-;-;-;-;-
30.04.2021 18:00;-;-;-;-;-;-
30.04.2021 19:00;-;-;-;-;-;-
30.04.2021 20:00;-;-;-;-;-;-
30.04.2021 21:00;-;-;-;-;-;-
30.04.2021 22:00;-;-;-;-;-;-
30.04.2021 23:00;-;66,83;-;-;-;37,84
1.05.2021 00:00;2,03;58,3;-;52,89;60,3;22,94
1.05.2021 01:00;21,6;-;533,08;39,93;42,56;29,69
1.05.2021 02:00;28,89;-;240,54;17,13;18,1;61,05
1.05.2021 03:00;36,6;-;202,95;11,49;12,19;67,05
1.05.2021 04:00;38,65;-;242,79;12,5;13,12;67,2
1.05.2021 05:00;35,79;-;192,76;11,39;12,04;70,58
1.05.2021 06:00;35,67;-;171;9,7;10,15;72,43
1.05.2021 07:00;33,23;-;181,89;9,42;9,96;78,84
1.05.2021 08:00;27,64;-;198,5;25,52;31,06;42,67
1.05.2021 09:00;32,85;-;173,45;21,42;26,05;69,29
1.05.2021 10:00;-;-;-;-;-;-
1.05.2021 11:00;-;-;-;-;-;-
1.05.2021 12:00;-;-;-;-;-;-
1.05.2021 13:00;-;-;-;-;-;-
1.05.2021 14:00;-;-;-;-;-;-
1.05.2021 15:00;-;-;-;-;-;-
1.05.2021 16:00;-;-;-;-;-;-
1.05.2021 17:00;-;-;-;-;-;-
1.05.2021 18:00;-;-;-;-;-;-
1.05.2021 19:00;-;-;-;-;-;-
1.05.2021 20:00;-;-;-;-;-;-
1.05.2021 21:00;-;-;-;-;-;-
1.05.2021 22:00;-;-;-;-;-;-
1.05.2021 23:00;15,11;71,17;-;33,2;34,75;41,22
2.05.2021 00:00;41,21;69,33;-;-;-;48,68
2.05.2021 01:00;43,52;-;378,02;24,1;25,18;41,72
2.05.2021 02:00;52,59;-;417,36;22,99;24,19;45,68
2.05.2021 03:00;75,96;-;309,32;16,31;17,02;44,52
2.05.2021 04:00;69,67;-;326,63;24,21;25,68;26,04
2.05.2021 05:00;61,93;-;273,69;15,25;15,97;53,56
2.05.2021 06:00;59,61;-;209,17;9,23;9,5;55,28
2.05.2021 07:00;51,95;-;228,25;14,11;14,91;41,05
2.05.2021 08:00;50,38;-;173,91;12,45;13,61;55,19
2.05.2021 09:00;45,98;-;130,23;11,02;12,51;62,62
2.05.2021 10:00;-;-;-;-;-;-
2.05.2021 11:00;-;-;-;-;-;-
2.05.2021 12:00;-;-;-;-;-;-
2.05.2021 13:00;-;-;-;-;-;-
2.05.2021 14:00;-;-;-;-;-;-
2.05.2021 15:00;-;-;-;-;-;-
2.05.2021 16:00;-;-;-;-;-;-
2.05.2021 17:00;-;-;-;-;-;-
2.05.2021 18:00;-;-;-;-;-;-
2.05.2021 19:00;-;-;-;-;-;-
2.05.2021 20:00;-;-;-;-;-;-
2.05.2021 21:00;-;-;-;-;-;-
2.05.2021 22:00;-;-;-;-;-;-
2.05.2021 23:00;-;-;-;-;-;-
3.05.2021 00:00;-;-;-;-;-;-
3.05.2021 01:00;6,46;-;-;-;-;-
3.05.2021 02:00;24,24;76,79;-;-;-;56,55
3.05.2021 03:00;58,43;85,09;-;-;-;42,81
3.05.2021 04:00;51,71;92,78;-;-;-;59,16
3.05.2021 05:00;19,64;98,36;-;-;-;56,08
3.05.2021 06:00;64,03;101,54;-;-;-;31,88
3.05.2021 07:00;40,6;98,2;-;-;-;21,14
3.05.2021 08:00;59,83;92,49;-;53,78;71,92;13,04
3.05.2021 09:00;-;-;-;-;-;-
3.05.2021 10:00;-;-;-;-;-;-
3.05.2021 11:00;-;-;-;-;-;-
3.05.2021 12:00;-;-;-;-;-;-
3.05.2021 13:00;-;-;-;-;-;-
3.05.2021 14:00;-;-;-;-;-;-
3.05.2021 15:00;-;-;-;-;-;-
3.05.2021 16:00;-;-;-;-;-;-
3.05.2021 17:00;-;-;-;-;-;-
3.05.2021 18:00;-;-;-;-;-;-
3.05.2021 19:00;-;-;-;-;-;-
3.05.2021 20:00;-;-;-;-;-;-
3.05.2021 21:00;-;-;-;-;-;-
3.05.2021 22:00;-;-;-;-;-;-
3.05.2021 23:00;-;-;-;-;-;-
4.05.2021 00:00;-;-;-;-;-;-
4.05.2021 01:00;-;15,36;-;-;-;56,94
4.05.2021 02:00;74,14;9,12;-;-;-;61,78
4.05.2021 03:00;78,71;13,07;-;-;-;53,38
4.05.2021 04:00;64,96;17,86;-;-;-;40,19
4.05.2021 05:00;57,37;19,35;-;-;-;42,84
4.05.2021 06:00;68,03;18,88;-;-;-;37,37
4.05.2021 07:00;53,91;13,89;-;-;-;27,29
4.05.2021 08:00;72,45;-;-;43,27;49,26;21,65
4.05.2021 09:00;-;-;-;-;-;-
4.05.2021 10:00;-;-;-;-;-;-
4.05.2021 11:00;-;-;-;-;-;-
4.05.2021 12:00;-;-;-;-;-;-
4.05.2021 13:00;-;-;-;-;-;-
4.05.2021 14:00;-;-;-;-;-;-
4.05.2021 15:00;146,53;-;-;-;-;100,4
4.05.2021 16:00;87,59;-;-;-;-;105,79
4.05.2021 17:00;81,49;-;-;-;-;101,27
4.05.2021 18:00;68,06;-;-;-;-;98,36
4.05.2021 19:00;62,66;-;-;-;-;95,94
4.05.2021 20:00;59,62;-;-;-;-;91,57
4.05.2021 21:00;35,91;-;-;-;-;87,3
4.05.2021 22:00;47,71;-;-;-;-;80,64
4.05.2021 23:00;40,05;-;-;-;-;77,22
5.05.2021 00:00;33,98;-;-;-;-;75,2
5.05.2021 01:00;28,36;-;242,61;20,9;21,84;60,07
5.05.2021 02:00;34,1;-;272,84;25,84;26,61;50,71
5.05.2021 03:00;20,41;-;291,57;26,82;27,72;45
5.05.2021 04:00;15,46;-;291,72;34,52;35,47;41,76
5.05.2021 05:00;16,19;-;192,83;12,93;13,9;60,14
5.05.2021 06:00;17,49;-;189,29;10,54;11,21;57,58
5.05.2021 07:00;21,64;-;254,47;29,21;31,98;38,98
5.05.2021 08:00;25,92;-;300,98;44,83;61,48;29,97
5.05.2021 09:00;20,05;-;315,23;39,05;55,61;42,62
5.05.2021 10:00;23,53;-;226,4;14,58;18,84;66,8
5.05.2021 11:00;31,63;-;224,36;11,04;13,83;79,62
5.05.2021 12:00;32,91;-;206;6,5;7,88;87,89
5.05.2021 13:00;25,38;-;204,72;4,36;5,16;96,65
5.05.2021 14:00;29,64;-;205,09;4,72;5,51;102,02
5.05.2021 15:00;24,47;-;204,07;4,7;5,44;108,29
5.05.2021 16:00;29,29;-;206,25;4,98;5,68;113,07
5.05.2021 17:00;30,5;-;211,93;5,98;6,88;111,83
5.05.2021 18:00;30,5;3,5;199,83;6,68;7,52;115,64
5.05.2021 19:00;36,93;4,83;263,85;16,3;17,67;100,26
5.05.2021 20:00;34,64;21,11;257,97;15,55;16,48;87,2
5.05.2021 21:00;24,89;62,9;267,1;18,07;18,77;73,49
5.05.2021 22:00;26,33;52,68;304,34;26,15;27,14;63,19
5.05.2021 23:00;29,26;-;381,76;34,42;36,55;49,77
6.05.2021 00:00;36,7;-;541,39;55;59,23;23,95
6.05.2021 01:00;52,15;2,89;323,85;31,23;32,42;42,74
6.05.2021 02:00;41,61;-;210,8;18,11;18,91;57,27
6.05.2021 03:00;32,46;-;209,43;19,85;20,96;55,81
6.05.2021 04:00;29,7;-;231,96;20,06;21,05;49,89
6.05.2021 05:00;28,08;-;174,19;13,11;13,78;60,83
6.05.2021 06:00;23,71;-;163,5;15,98;16,62;54,56
6.05.2021 07:00;24,5;-;219,5;35,8;38,94;34,92
6.05.2021 08:00;22,92;-;340,98;53,68;62,42;21,77
6.05.2021 09:00;24,04;-;380,13;60,99;85,56;16,94
6.05.2021 10:00;42,35;-;251,96;44,55;55,32;49,89
6.05.2021 11:00;42,5;-;180,32;23,61;28,35;73,08
6.05.2021 12:00;43,59;-;147,97;11,68;14,22;90,52
6.05.2021 13:00;40,36;-;141,29;7,04;8,14;103,85
6.05.2021 14:00;39,06;-;181,22;10,73;12,23;101,31
6.05.2021 15:00;43,13;-;224,83;21,33;25,11;95,96
6.05.2021 16:00;31,96;-;185,78;13,75;15,6;102,47
6.05.2021 17:00;33,29;-;177,15;11,86;13,39;91,7
6.05.2021 18:00;43,15;-;187,36;14,2;16,39;89,46
6.05.2021 19:00;40,65;-;199,59;14,47;16,12;86,34
6.05.2021 20:00;38,65;-;211,93;16,11;17,18;79,69
6.05.2021 21:00;28,17;-;214,56;15,92;16,46;75,35
6.05.2021 22:00;24,72;-;224,66;19,18;19,86;65,65
6.05.2021 23:00;28,07;-;274,99;25,31;26,48;50,79
7.05.2021 00:00;27,59;-;524,06;52,83;60,04;15,54
7.05.2021 01:00;32,25;2,06;601,9;59,07;66,09;-
7.05.2021 02:00;34,56;-;517,46;42,96;47,17;17,41
7.05.2021 03:00;26,14;-;478,91;31,23;33,2;25,09
7.05.2021 04:00;27,32;-;285,51;17,67;19;47,97
7.05.2021 05:00;21,05;-;318,55;20,89;22,05;34,45
7.05.2021 06:00;26,22;-;362,36;27,75;29,84;15,44
7.05.2021 07:00;26,04;-;339,56;35,93;42,51;16,09
7.05.2021 08:00;24,72;-;265,53;28,55;35,43;45,69
7.05.2021 09:00;22,13;-;236,78;21,02;30,92;64,56
7.05.2021 10:00;18,13;6,93;248,08;23,07;30,25;76,24
7.05.2021 11:00;30,07;-;190,74;6,82;7,87;94,95
7.05.2021 12:00;23,41;-;188;5,28;6;98,12
7.05.2021 13:00;18,4;-;185,15;4,28;4,74;101
7.05.2021 14:00;26,58;-;184,35;4,76;5,3;103,83
7.05.2021 15:00;20,18;-;183,84;5,3;6,1;109,85
7.05.2021 16:00;19,08;4,82;181,2;6,11;6,72;116,19
7.05.2021 17:00;22,09;9,43;183,75;5,93;6,37;119,06
7.05.2021 18:00;20,67;12,81;178,73;6,13;6,49;119,41
7.05.2021 19:00;23,81;14,07;207,38;7,53;7,85;118,25
7.05.2021 20:00;22,83;14,33;404,19;24,61;25,28;92,77
7.05.2021 21:00;14,36;12,59;470,38;38,92;39,71;64,94
7.05.2021 22:00;26,03;11,41;640,31;61,92;65,52;32,8
7.05.2021 23:00;36,43;10,57;1.087,71;84,14;95,77;5,61
8.05.2021 00:00;43,8;8,46;1.038,23;90,87;121,93;-
8.05.2021 01:00;57,5;1,42;1.074,25;102,46;160,9;-
8.05.2021 02:00;66,33;-;957,44;90,08;126,7;0,6
8.05.2021 03:00;53,51;-;550,89;63,81;71,86;10,86
8.05.2021 04:00;47,73;-;414,4;42,34;45,1;20,71
8.05.2021 05:00;42,4;-;238,82;21,3;22,84;42,24
8.05.2021 06:00;37,76;-;311,79;35,64;39,91;17,59
8.05.2021 07:00;37,16;-;343,69;46,98;57,43;4,07
8.05.2021 08:00;40,59;-;421,98;52,16;76;6,69
8.05.2021 09:00;48,38;5,27;514,82;80,85;149,75;6,75
8.05.2021 10:00;65,79;-;409,74;62,06;101,12;21,31
8.05.2021 11:00;72,59;-;176,99;19,34;24,49;70,24
8.05.2021 12:00;69,46;-;164,18;15,14;17,85;84,18
8.05.2021 13:00;64,26;-;163,31;12,12;14,73;93,66
8.05.2021 14:00;53,56;-;156,94;9,82;11,4;97,72
8.05.2021 15:00;65,65;-;153,73;8,46;9,76;88,87
8.05.2021 16:00;261,76;-;157,41;11,42;12,83;81,05
8.05.2021 17:00;35,22;-;143,08;9,68;11,22;81,78
8.05.2021 18:00;77,91;0,43;159,57;10,59;12,07;77,79
8.05.2021 19:00;131,2;1,35;202,61;14,56;16,05;80,67
8.05.2021 20:00;42,87;2,31;345,37;27,78;29,34;68,06
8.05.2021 21:00;15,58;1,55;301,49;24,64;25,43;60,12
8.05.2021 22:00;33,29;1,73;256,81;26,62;27,89;58,08
8.05.2021 23:00;62,95;-;218,24;22,82;23,53;61,37
9.05.2021 00:00;52,01;-;242,6;30,58;32,35;49,14
9.05.2021 01:00;51,84;2,72;253,6;39,2;40,88;36,19
9.05.2021 02:00;73,04;-;208,4;26,96;27,78;58,21
9.05.2021 03:00;24,31;-;119,21;5,77;5,88;91,59
9.05.2021 04:00;10,05;-;115,44;5;5,05;93,55
9.05.2021 05:00;25,61;-;128,44;10,79;10,94;83,69
9.05.2021 06:00;32,13;-;168,51;24,64;25,03;52,9
9.05.2021 07:00;46,09;-;161,03;19,66;21,01;57,95
9.05.2021 08:00;39,47;-;188,58;23,21;26,93;58,04
9.05.2021 09:00;18,24;-;157,54;11,16;13,52;68,13
9.05.2021 10:00;38,15;-;165,22;8,17;9,93;72,5
9.05.2021 11:00;35,99;-;165,07;6,91;8,14;77,57
9.05.2021 12:00;28,76;-;188,12;10,77;13,48;76,41
9.05.2021 13:00;31,77;-;198,93;12,21;14,81;74,7
9.05.2021 14:00;27,7;-;179,18;6,04;6,94;84,26
9.05.2021 15:00;13,51;-;160,32;5,68;6,54;91,41
9.05.2021 16:00;8,41;-;153,42;6,52;7,45;100,35
9.05.2021 17:00;7,76;-;154,09;6,39;7,24;101,36
9.05.2021 18:00;25,63;-;137,85;6,89;7,88;103,15
9.05.2021 19:00;15,49;-;151,11;8,98;9,86;101,54
9.05.2021 20:00;15,32;-;178,34;14,46;15,42;99,96
9.05.2021 21:00;8,69;-;165,15;9,78;9,9;96,53
9.05.2021 22:00;7,35;-;202,89;27,08;27,58;72
9.05.2021 23:00;17,95;-;216,38;31,59;31,94;64,59
10.05.2021 00:00;11,77;-;232,24;43,26;43,82;47,3
10.05.2021 01:00;11,28;-;180,01;22,26;22,42;65,12
10.05.2021 02:00;8,63;-;142,75;-;-;72,65
10.05.2021 03:00;7,22;-;150,89;-;-;74,14
10.05.2021 04:00;8,72;-;138,14;-;-;72,94
10.05.2021 05:00;7,51;-;133,04;-;-;79,43
10.05.2021 06:00;11,09;-;146,66;-;-;70,1
10.05.2021 07:00;8,77;-;236,53;40,88;48,21;47,29
10.05.2021 08:00;12,44;-;178,73;14,45;16,7;75,2
10.05.2021 09:00;9,92;-;156,8;10,08;11,89;81,06
10.05.2021 10:00;9,71;-;138,48;7,67;9,06;86,58
10.05.2021 11:00;17,13;-;141,01;6,96;8,14;91,93
10.05.2021 12:00;18,66;-;149,21;7,5;8,59;96,37
10.05.2021 13:00;21,48;-;145,7;6,97;7,83;103,62
10.05.2021 14:00;22,88;-;142,76;7,75;8,83;108,74
10.05.2021 15:00;17,66;-;141,96;7,3;8,24;113,77
10.05.2021 16:00;19,43;-;145,98;7,87;8,98;114,02
10.05.2021 17:00;27,71;-;148,62;7,96;8,99;114,68
10.05.2021 18:00;30,03;-;158,12;9,24;10,51;115,33
10.05.2021 19:00;25,62;-;170,34;11,56;12,46;114,48
10.05.2021 20:00;26,15;-;195,99;12,33;12,61;108,79
10.05.2021 21:00;15,45;-;208,8;-;-;102,53
10.05.2021 22:00;14,7;-;275,82;25,33;25,68;81,94
10.05.2021 23:00;11,22;-;494,41;49,17;49,93;51,02
11.05.2021 00:00;15,88;-;516,69;53,1;53,97;44,54
11.05.2021 01:00;20,27;-;599,58;59,81;63;25,61
11.05.2021 02:00;27,75;1,88;741,85;68,07;72,1;8,74
11.05.2021 03:00;34,6;-;754,44;60,53;65,24;10,46
11.05.2021 04:00;42,67;-;494,53;26,16;26,92;41,03
11.05.2021 05:00;31,33;-;365,22;19,78;20,29;51,48
11.05.2021 06:00;28,01;-;366,5;18,92;19,38;44,71
11.05.2021 07:00;21,72;-;319,89;25,8;28,44;44,49
11.05.2021 08:00;26,88;-;255,49;25,68;30,42;65
11.05.2021 09:00;20,53;-;331,93;31;38,66;76,71
11.05.2021 10:00;24,19;-;208,53;19,04;23,08;96,74
11.05.2021 11:00;27,41;-;166,1;9,2;10,67;109,12
11.05.2021 12:00;29,02;-;162,88;5,81;6,5;113,78
11.05.2021 13:00;23,6;-;170,2;5,43;5,93;118,79
11.05.2021 14:00;21,49;-;181,09;5,98;6,54;122,08
11.05.2021 15:00;23,1;-;180,81;6,29;6,87;122,82
11.05.2021 16:00;19,09;3,53;189,56;7,76;8,7;125,16
11.05.2021 17:00;18,78;7,81;184,47;7,13;7,84;122,89
11.05.2021 18:00;19,69;10,58;176,82;5,83;6,19;120,68
11.05.2021 19:00;21,97;12,68;216,77;7,66;8,02;117,38
11.05.2021 20:00;22,68;12,35;434,67;19,02;19,7;97,5
11.05.2021 21:00;16,22;12,71;712,27;42,15;44,03;50,34
11.05.2021 22:00;34,71;11,77;806,73;50,89;52,58;36,59
11.05.2021 23:00;39,04;10,58;1.228,77;88,66;110,9;6,33
12.05.2021 00:00;55,35;12,23;1.370,11;94,25;122,61;2,25
12.05.2021 01:00;51,64;-;1.044,97;88,07;109,93;0,62
12.05.2021 02:00;56,13;-;804,67;68,75;78,68;7,29
12.05.2021 03:00;37,9;-;575,14;41,72;46,55;32,9
12.05.2021 04:00;38,79;-;277,94;15,82;16,68;56,73
12.05.2021 05:00;31,17;-;240,55;13,67;14,36;54,67
12.05.2021 06:00;24,55;-;251,95;16,26;17,05;41,26
12.05.2021 07:00;21,19;-;330,27;21,92;26,55;25,96
12.05.2021 08:00;29,82;-;528,76;60,16;93,61;20,73
12.05.2021 09:00;35,42;-;396,29;42,1;56,04;55,79
12.05.2021 10:00;47,13;-;222,76;26,1;34,03;76,34
12.05.2021 11:00;50,41;-;148,71;7,19;8,53;101,86
12.05.2021 12:00;51,61;-;147,65;5,96;6,99;107,84
12.05.2021 13:00;44;-;160,88;5,37;6,33;113,92
12.05.2021 14:00;32,65;-;139,6;5,34;6,16;114,78
12.05.2021 15:00;39,03;-;141,8;4,93;5,66;114,49
12.05.2021 16:00;32,31;-;122,41;5,68;6,56;111,1
12.05.2021 17:00;32,05;-;124,56;5,65;6,54;108,37
12.05.2021 18:00;32,1;-;151,05;9,28;11,11;102,82
12.05.2021 19:00;34,5;-;185,23;11,82;13,18;97,7
12.05.2021 20:00;28,6;-;231,92;17,83;18,85;89,48
12.05.2021 21:00;19,37;-;177,32;10,55;11,01;93,89
12.05.2021 22:00;15,68;-;186,07;10,17;11;95,13
12.05.2021 23:00;12,52;-;202,21;11,29;11,85;93,08
13.05.2021 00:00;16,18;-;249,61;17,32;18,32;84,34
13.05.2021 01:00;14,83;-;257,53;19,92;20,67;76,21
13.05.2021 02:00;11,48;-;209,5;13,72;14,17;78,32
13.05.2021 03:00;8,8;-;162,32;8,63;8,97;84,59
13.05.2021 04:00;6,55;-;144,19;6,02;6,26;88,18
13.05.2021 05:00;5,32;-;196,14;15,21;15,96;41,62
13.05.2021 06:00;11,5;-;257,25;21,64;22,96;18,4
13.05.2021 07:00;19,59;-;411,08;28,39;35,19;15,32
13.05.2021 08:00;33,08;5,97;364,14;32,51;41,73;39,73
13.05.2021 09:00;30,55;14,66;336,65;32,45;43,23;49,02
13.05.2021 10:00;32,29;2,29;181;14,31;18,06;79,41
13.05.2021 11:00;34,66;-;146,69;5,31;6,26;98,24
13.05.2021 12:00;27,5;-;132,11;3,01;3,48;104,97
13.05.2021 13:00;32,3;-;143,58;3,15;3,72;109,13
13.05.2021 14:00;23,51;-;141,28;3,32;3,87;111,43
13.05.2021 15:00;17,44;-;141,12;3,53;4,07;107,52
13.05.2021 16:00;22,21;-;126,31;4,65;5,67;94,84
13.05.2021 17:00;27,84;-;118,81;4,3;5,06;90,11
13.05.2021 18:00;27,23;-;121,04;4,71;5,49;87,72
13.05.2021 19:00;35,92;-;145,01;7,6;8,8;84,38
13.05.2021 20:00;34,62;-;198,28;10,69;11,61;81,64
13.05.2021 21:00;23,46;-;215,41;13,39;14,16;75,46
13.05.2021 22:00;23,3;-;255,55;13,85;15,06;74,97
13.05.2021 23:00;19,22;-;243,53;17,44;18,16;67,63
14.05.2021 00:00;16,36;-;368,46;30,96;32,13;43,72
14.05.2021 01:00;16,7;1,64;534,83;52,98;56,52;12,6
14.05.2021 02:00;28,59;0,78;498,74;48,62;51,74;-
14.05.2021 03:00;22,69;0,31;428,8;35,52;37,13;25,7
14.05.2021 04:00;21,16;-;151,64;7,54;8,03;62,13
14.05.2021 05:00;20,84;-;198,24;13,14;14,02;39,89
14.05.2021 06:00;17,94;-;222,51;18,6;19,78;26,19
14.05.2021 07:00;20,92;2,11;230,25;18,24;20,99;30,16
14.05.2021 08:00;37,94;85,09;162,8;26,55;38,76;27,86
14.05.2021 09:00;36,69;34,21;165,24;17,97;24,29;51,03
14.05.2021 10:00;42,29;31,27;151,7;15,78;21,05;65,29
14.05.2021 11:00;36,44;-;138,64;6,37;7,79;87,77
14.05.2021 12:00;42,67;-;137,17;3,89;4,67;96,73
14.05.2021 13:00;40,9;-;124,75;3,38;4,01;98,15
14.05.2021 14:00;38,89;-;115,72;2,89;3,47;89,74
14.05.2021 15:00;28,02;-;106,28;4,59;5,73;76,95
14.05.2021 16:00;25,71;-;104,35;5,02;6,18;80,31
14.05.2021 17:00;20,1;-;111,55;5,41;6,57;88,37
14.05.2021 18:00;24,77;-;116,94;6,27;7,34;98,4
14.05.2021 19:00;21,64;-;156,4;8,8;9,97;93,7
14.05.2021 20:00;28,14;-;196,58;13,35;14,63;85,36
14.05.2021 21:00;26,62;-;292,71;20,6;21,44;75,04
14.05.2021 22:00;17,29;-;198,48;13,44;14,05;82,43
14.05.2021 23:00;12,94;-;187,6;12,18;12,93;83,76
15.05.2021 00:00;17,05;-;283,27;20,54;21,32;67,19
15.05.2021 01:00;17,08;4,1;232,84;14,68;15,05;64,5
15.05.2021 02:00;19,54;1,9;313,54;27,22;28,24;29,34
15.05.2021 03:00;14,6;1,55;399,95;35,4;36,96;11,54
15.05.2021 04:00;19,27;1,93;404,06;39,44;42,21;5,21
15.05.2021 05:00;21,2;1,26;374,63;39,38;44,11;8,41
15.05.2021 06:00;30,72;1,15;307,34;29,85;31,4;18,08
15.05.2021 07:00;40,01;1,43;249,38;17,35;19,06;41,5
15.05.2021 08:00;41,94;1,16;225,28;10,33;12,08;59,64
15.05.2021 09:00;30,06;1,9;209,75;7,82;9,14;83,54
15.05.2021 10:00;26,97;2,69;212,35;8,19;9,76;102,66
15.05.2021 11:00;31,58;3,13;211,52;5,87;6,68;109,01
15.05.2021 12:00;29,58;2,02;207,44;4,61;5,11;115,53
15.05.2021 13:00;23,01;1,31;199,55;3,94;4,39;112,46
15.05.2021 14:00;24,67;0,88;185,97;3,52;3,87;116,92
15.05.2021 15:00;23,28;0,87;178,97;3,86;4,21;119,8
15.05.2021 16:00;25,4;1,04;163,61;3,79;4,14;119,93
15.05.2021 17:00;19,48;0,74;168,79;4,03;4,62;115,96
15.05.2021 18:00;24,45;1,03;171,38;4,29;4,67;115,42
15.05.2021 19:00;19,92;1,25;238,45;10,6;12;104,44
15.05.2021 20:00;24,5;-;250,72;13,08;13,97;95,08
15.05.2021 21:00;17,36;-;375,46;15,11;16,04;98,32
15.05.2021 22:00;14,41;-;347,82;14,29;14,73;85,13
15.05.2021 23:00;15,04;-;372,63;26,67;27,32;66,13
16.05.2021 00:00;24,01;-;363,52;29,48;30,16;55,79
16.05.2021 01:00;23,51;1,08;275,15;23,03;23,42;70,85
16.05.2021 02:00;22,6;-;154,2;-;-;69,25
16.05.2021 03:00;16,79;4,11;175,97;25,99;26,57;35,13
16.05.2021 04:00;13,66;1,87;156,81;15,4;15,8;45,48
16.05.2021 05:00;16,16;1,5;192,81;16,07;16,56;42,31
16.05.2021 06:00;17,57;1,36;185,66;16,97;17,48;44,38
16.05.2021 07:00;24,64;1,27;162,15;13,74;14,54;55,29
16.05.2021 08:00;26,03;1,34;154,24;10,55;11,63;71,61
16.05.2021 09:00;19,36;2,56;147,42;7,25;8,11;83,45
16.05.2021 10:00;23,86;2,89;141,48;4,38;4,77;96,4
16.05.2021 11:00;22,44;0,98;132,84;3,63;3,87;104,18
16.05.2021 12:00;23,04;1,14;151,74;4,87;5,33;109,23
16.05.2021 13:00;29,76;0,49;137,91;3,34;3,5;110,22
16.05.2021 14:00;25,87;0,27;133,06;3,65;3,86;110,54
16.05.2021 15:00;19,16;-;135,93;4,3;4,78;108,58
16.05.2021 16:00;14,78;-;142,7;4,3;4,76;101,54
16.05.2021 17:00;21,02;-;151,24;5,29;5,92;98,37
16.05.2021 18:00;15,87;-;158,43;6,09;6,91;97,27
16.05.2021 19:00;18,99;-;165,77;7,88;9;93,08
16.05.2021 20:00;21,83;-;191,88;9,99;10,59;88,87
16.05.2021 21:00;15,28;-;179,37;10,59;10,78;85,84
16.05.2021 22:00;10,65;-;168,23;9,14;9,22;86,23
16.05.2021 23:00;7,63;-;182,76;-;-;81,52
17.05.2021 00:00;11,08;-;146,54;-;-;87,8
17.05.2021 01:00;12,37;0,7;211,5;17,39;17,62;76,84
17.05.2021 02:00;12,52;0,69;135,62;3,93;4,03;93,58
17.05.2021 03:00;11,21;0,97;136,44;3,98;4,12;93,09
17.05.2021 04:00;23,27;0,83;132,05;3,23;3,31;98,04
17.05.2021 05:00;21,26;1,37;152,35;8,51;8,89;79,81
17.05.2021 06:00;19,44;3,29;157,81;12,07;12,62;61,26
17.05.2021 07:00;20,74;7,86;176,93;14,54;15,7;61,34
17.05.2021 08:00;30,61;1,84;211,29;19,53;22,14;60,72
17.05.2021 09:00;22,9;1,95;210,48;15,17;18,8;65,85
17.05.2021 10:00;29;1,41;177,34;8,56;10,3;86,82
17.05.2021 11:00;23,87;1,33;174,84;6,76;7,99;98,67
17.05.2021 12:00;28,08;1,11;174,82;5,39;6,07;107,71
17.05.2021 13:00;30,06;0,96;182,31;6,06;6,65;111,32
17.05.2021 14:00;23,77;1,02;169,77;5,59;6,14;114
17.05.2021 15:00;17,83;0,91;161,9;5,08;5,54;114,13
17.05.2021 16:00;16,89;0,88;167,91;4,9;5,59;114,77
17.05.2021 17:00;20,2;1,28;168,24;5,8;6,67;116,93
17.05.2021 18:00;30,02;2,06;186,86;8,03;8,8;118,48
17.05.2021 19:00;30,49;6,11;209,63;12,73;13,65;117,25
17.05.2021 20:00;30,87;2,54;248,7;19,85;20,52;107,65
17.05.2021 21:00;22,59;0,76;298,39;27,68;28,39;81,75
17.05.2021 22:00;21,46;0,77;489,87;43,84;44,87;54,5
17.05.2021 23:00;29,18;8,25;918,86;88,87;101,85;10,97
18.05.2021 00:00;39,47;1,31;691,35;74,57;83,76;13,12
18.05.2021 01:00;41,81;1,01;374,97;45,74;47,75;37,03
18.05.2021 02:00;44,8;0,81;232,14;21,99;22,75;60,19
18.05.2021 03:00;31,36;0,69;164,35;8,89;9,26;73,72
18.05.2021 04:00;21,97;0,68;177,78;8,28;8,67;67,69
18.05.2021 05:00;15,56;0,77;171,12;9,72;10,17;57,64
18.05.2021 06:00;12,36;13,8;237,48;22,19;23,46;31,98
18.05.2021 07:00;17,96;33,76;320,36;46,36;56,21;20,46
18.05.2021 08:00;31,38;13,21;304,65;36,71;46,99;44,55
18.05.2021 09:00;30,61;3,53;259;28,13;35,43;66,69
18.05.2021 10:00;33,43;2,19;200,52;17,37;21,17;90,95
18.05.2021 11:00;34,8;2,23;169,28;8,18;9,58;103,63
18.05.2021 12:00;33,78;1,25;164,95;6,54;7,59;102,28
18.05.2021 13:00;27,92;0,94;160,57;4,69;5,42;99,45
18.05.2021 14:00;32,84;0,46;154,26;5,2;6,29;83,04
18.05.2021 15:00;24,62;0,63;151,49;5,9;7,21;85,49
18.05.2021 16:00;22,37;0,39;137,03;7,23;9,01;81,29
18.05.2021 17:00;20,72;0,38;150,94;10,23;13,02;80,15
18.05.2021 18:00;26,78;0,5;153,79;10,12;12,27;84,9
18.05.2021 19:00;26,98;0,43;176,91;13,34;15,46;82,46
18.05.2021 20:00;19,85;0,57;220,83;21,14;23,47;73,76
18.05.2021 21:00;16,02;0,72;304,28;31,36;32,87;54,7
18.05.2021 22:00;14,77;0,72;277,86;23,74;24,52;61,58
18.05.2021 23:00;16,41;1,32;239,65;16,1;16,91;67,08
19.05.2021 00:00;16,73;1,57;200,59;11,3;12,26;76,2
19.05.2021 01:00;18,28;1,42;156,92;8,39;8,6;78,05
19.05.2021 02:00;24,93;1,88;139,44;4,92;5,03;86,52
19.05.2021 03:00;18,55;2,27;136,25;5,06;5,13;81,66
19.05.2021 04:00;14,97;6,1;153,1;9,88;10,12;66,95
19.05.2021 05:00;20,43;18,16;178,64;16,86;17,26;56,26
19.05.2021 06:00;24,88;4,3;172,89;10,38;10,85;65,32
19.05.2021 07:00;26,73;2,87;329,45;42,36;52,48;42,72
19.05.2021 08:00;23,68;2,83;181,2;14,99;17,24;73,3
19.05.2021 09:00;23,04;3,33;298,89;27,63;34,86;67,28
19.05.2021 10:00;26,26;6,34;192,29;15,88;19,4;87,14
19.05.2021 11:00;24,43;3,46;160,32;7,1;7,91;102,17
19.05.2021 12:00;22,7;3,17;161,66;6,15;6,66;108,65
19.05.2021 13:00;24,43;2,45;158,89;6,12;6,56;116,14
19.05.2021 14:00;34,65;1,94;161,86;6,58;7,1;119,09
19.05.2021 15:00;25,8;1,67;155,75;6,05;6,51;117,27
19.05.2021 16:00;26,02;1,41;152,87;5,87;6,32;115,92
19.05.2021 17:00;35,56;1,26;145,47;4,99;5,29;118,64
19.05.2021 18:00;27,25;0,99;145,78;5,88;6,23;123,67
19.05.2021 19:00;33,55;0,97;175,2;9,12;9,68;119,6
19.05.2021 20:00;29,53;0,84;245,91;18,97;19,48;101,46
19.05.2021 21:00;32,17;0,68;483,42;59,73;62,28;46,09
19.05.2021 22:00;32,63;1,21;1.015,95;123,65;170,49;3,29
19.05.2021 23:00;60,43;2;1.559,20;137,69;226,97;1,4
20.05.2021 00:00;67,94;2,07;1.833,13;137,88;248,92;1,46
20.05.2021 01:00;70,43;2,42;1.536,98;127,6;222,93;1,09
20.05.2021 02:00;70,65;1,51;566,22;58;66,18;19,83
20.05.2021 03:00;47,04;1,32;286,98;27,42;28,97;40,42
20.05.2021 04:00;37,68;1,04;189,26;16,26;17,42;47,7
20.05.2021 05:00;37,48;0,94;207,08;16,25;17,48;39,27
20.05.2021 06:00;30,2;0,93;169,76;17,24;18,52;44,64
20.05.2021 07:00;23,22;1,17;226,75;25,88;29,7;45,05
20.05.2021 08:00;34,15;0,92;237,17;34,94;43,99;51,39
20.05.2021 09:00;26,15;1,37;260,47;37,46;47,85;62,88
20.05.2021 10:00;31,46;2,14;142,17;17,17;21,43;83,6
20.05.2021 11:00;37,1;1,6;113,98;9,23;11,1;98,08
20.05.2021 12:00;39,63;0,4;102,3;7,17;8,58;103,19
20.05.2021 13:00;38,74;-;83,12;6,77;8,1;106,69
20.05.2021 14:00;33,16;1,52;66,59;7,38;8,85;106,74
20.05.2021 15:00;30,32;11,82;55,12;7,99;9,98;91,01
20.05.2021 16:00;28,7;7,29;58,98;7,92;9,89;88,06
20.05.2021 17:00;29,04;2,43;64,29;9,43;11,35;90,71
20.05.2021 18:00;32,01;3,75;75,64;9,34;10,85;90,76
20.05.2021 19:00;26,96;1,73;101,18;14,31;16,27;85,36
20.05.2021 20:00;29,26;1,18;233,58;32,85;36,06;66,46
20.05.2021 21:00;25,22;0,98;387,05;61,15;67,22;37,86
20.05.2021 22:00;25,59;0,64;300,45;42,02;44,07;54,77
20.05.2021 23:00;24,04;0,5;206,29;32,57;34,05;58,17
21.05.2021 00:00;21,83;0,52;271,84;38,66;39,95;41,07
21.05.2021 01:00;23,1;0,79;309,05;33,21;34,59;42,08
21.05.2021 02:00;19,5;1,35;386,42;61,4;65,26;9,1
21.05.2021 03:00;14,87;0,88;362,58;54,45;59,42;10,88
21.05.2021 04:00;21,16;0,86;268,86;49,3;52,34;11,93
21.05.2021 05:00;18,79;0,81;191,5;25,22;26,35;32,5
21.05.2021 06:00;18,86;0,72;193,95;24,73;26,56;26,23
21.05.2021 07:00;21,03;0,8;259,04;43,28;56,5;12,62
21.05.2021 08:00;36,27;1,14;405,89;58,45;87,79;23,62
21.05.2021 09:00;30,22;0,61;193,31;24,9;33,49;70,86
21.05.2021 10:00;38,21;0,43;124,68;7,22;8,97;90,26
21.05.2021 11:00;32,56;0,41;127,28;5,92;7,42;91,48
21.05.2021 12:00;34;0,34;133,07;5,53;6,96;93,41
21.05.2021 13:00;37,41;0,31;142,71;4,98;6,38;88,4
21.05.2021 14:00;50;0,26;142,57;4,74;6,1;85,89
21.05.2021 15:00;54,31;0,36;154,33;5,65;7,16;89,67
21.05.2021 16:00;56,11;0,51;160,53;6,03;7,53;92,94
21.05.2021 17:00;44,75;0,38;152,53;6,5;8,05;93,54
21.05.2021 18:00;42,3;0,29;145,71;7,32;8,92;88,24
21.05.2021 19:00;40,79;0,26;150,55;9,2;10,84;84,12
21.05.2021 20:00;35,1;0,58;285,85;27,29;30,58;72,59
21.05.2021 21:00;24,87;0,64;349,64;35,25;37,8;65,97
21.05.2021 22:00;27,98;0,79;267,09;22,04;22,97;80,19
21.05.2021 23:00;20,33;0,76;238,63;15,15;15,81;92,8
22.05.2021 00:00;26,38;0,74;211,29;8,8;9,54;102,54
22.05.2021 01:00;28,01;-;85,17;7,13;7,4;104,37
22.05.2021 02:00;26,45;-;74,79;6,29;6,58;106,27
22.05.2021 03:00;19,5;0,48;74,48;6,09;6,41;100,5
22.05.2021 04:00;15,51;0,46;69,37;4,96;5,2;99,83
22.05.2021 05:00;11,9;0,35;75,45;4,38;4,67;94,86
22.05.2021 06:00;8,99;0,45;69,04;4,83;5,11;90,1
22.05.2021 07:00;10,59;0,33;83,46;7,69;8,23;78,45
22.05.2021 08:00;9,27;0,27;103,32;12,74;13,71;80,15
22.05.2021 09:00;7,31;0,3;111,1;14,25;16,29;86,51
22.05.2021 10:00;8,17;0,37;102,75;13,52;15,95;91,05
22.05.2021 11:00;12,29;0,31;93,18;9,63;12,16;101,57
22.05.2021 12:00;10,72;-;91,35;5,89;6,94;103,36
22.05.2021 13:00;12,69;-;84,56;5,14;5,97;104,15
22.05.2021 14:00;19,14;-;96,64;7,43;8,65;98,03
22.05.2021 15:00;13,75;-;98,62;7,33;9,05;96,02
22.05.2021 16:00;10,91;-;104,65;7,2;8,54;95,78
22.05.2021 17:00;11,02;-;101,36;7,3;8,81;97,19
22.05.2021 18:00;8,38;1,51;139,17;8,29;9,79;97,57
22.05.2021 19:00;11,68;1,06;142,35;11,17;12,51;90,38
22.05.2021 20:00;18,53;0,59;163,37;14,23;15,82;88,14
22.05.2021 21:00;13,31;0,37;139,89;9,43;10,13;88,87
22.05.2021 22:00;9,57;0,34;127,43;9,74;10,89;84,01
22.05.2021 23:00;7,49;0,41;118;8,41;8,83;79,43
23.05.2021 00:00;6,82;0,5;112,25;7,3;7,69;79,43
23.05.2021 01:00;11,94;0,27;157,06;6,52;6,81;80,92
23.05.2021 02:00;8,67;0,3;154,84;6,29;6,56;79,61
23.05.2021 03:00;7,02;0,24;146,89;4,64;4,82;83,46
23.05.2021 04:00;5,98;0,88;148,4;8,34;8,66;68,86
23.05.2021 05:00;4,86;15,02;175,52;14,38;14,81;58,72
23.05.2021 06:00;7,72;9,9;178,39;14,6;15,19;55,41
23.05.2021 07:00;16,17;3,79;197,22;15,72;17,17;50,81
23.05.2021 08:00;15,42;1,06;168,94;10,1;11,84;65,6
23.05.2021 09:00;12,18;-;149,63;6,36;7,45;86,91
23.05.2021 10:00;10,96;-;138,62;4,02;4,68;97,85
23.05.2021 11:00;9,01;-;166,42;9,91;12,15;95,01
23.05.2021 12:00;14,29;-;168,76;8,29;10,02;100,51
23.05.2021 13:00;21,29;-;156,65;5,66;6,67;106,41
23.05.2021 14:00;18,35;-;151,69;6,32;7,65;107,83
23.05.2021 15:00;13,87;-;157,46;5,38;6,3;109,31
23.05.2021 16:00;11,49;-;154,57;5,24;6,14;106,6
23.05.2021 17:00;20,58;-;152,71;5,7;6,87;107,2
23.05.2021 18:00;18,99;-;151,24;5,8;6,59;108,62
23.05.2021 19:00;18,92;0,96;160,94;6,32;7,05;108,26
23.05.2021 20:00;21,61;1,47;182,51;7,95;8,45;106,59
23.05.2021 21:00;15,13;2,12;278,5;14,9;15,58;92,95
23.05.2021 22:00;10,49;1,51;273,29;24,14;24,94;78,09
23.05.2021 23:00;7,77;4,05;312,2;36,4;37,87;48,71
24.05.2021 00:00;17,69;6,36;527,25;56,4;61,05;21,91
24.05.2021 01:00;23,14;3,66;207,32;16,68;17,09;78,07
24.05.2021 02:00;19,27;12,91;199,49;11,62;11,95;69,65
24.05.2021 03:00;14,31;10,98;197,68;10,69;11,04;68,46
24.05.2021 04:00;11,89;8,45;216,66;11,79;12,25;59,93
24.05.2021 05:00;16,64;2,7;248,62;19,95;20,74;55,47
24.05.2021 06:00;18,5;8,88;220,62;9,77;10,37;71,89
24.05.2021 07:00;18,62;5,12;257,78;18,1;20,06;61,62
24.05.2021 08:00;23,32;1,56;239,87;14,68;17,55;66,47
24.05.2021 09:00;17,55;1,14;234,13;15,41;18,81;74,02
24.05.2021 10:00;16,46;0,84;207,3;8,53;10,16;88,68
24.05.2021 11:00;24,03;1,15;204,77;7,02;8,32;95,18
24.05.2021 12:00;18,23;1,01;197,22;6,86;8,07;101,79
24.05.2021 13:00;18,72;0,78;198,88;6,37;7,56;106,81
24.05.2021 14:00;25,04;0,59;193,38;5,54;6,53;108,59
24.05.2021 15:00;18,83;0,93;195,79;5,63;6,59;108,64
24.05.2021 16:00;19,13;1,24;201,41;7,38;8,99;109,49
24.05.2021 17:00;25,23;1,43;201,93;6,31;7,27;110,48
24.05.2021 18:00;28,68;2,12;205,34;8,09;9,3;109,25
24.05.2021 19:00;32,05;4,3;248,97;11,12;12,26;103,58
24.05.2021 20:00;34,36;5,61;283,49;22,8;24,28;88,79
24.05.2021 21:00;25,79;12,07;567,84;40,89;41,93;55,09
24.05.2021 22:00;36,92;28,46;887,52;93,82;108,8;7,77
24.05.2021 23:00;47,26;3,36;1.054,22;110,43;149,83;0,81
25.05.2021 00:00;52,08;2,05;1.145,83;100,19;137,1;0,89
25.05.2021 01:00;57,07;2,77;517,42;72,34;85,05;3,1
25.05.2021 02:00;51,51;2,85;552,94;67,33;76,58;0,91
25.05.2021 03:00;38,23;3,6;532,83;62,24;68,82;1,96
25.05.2021 04:00;37,04;2,77;510,58;56,8;62,73;0,7
25.05.2021 05:00;39,52;1,82;368,89;37,77;41,07;18,68
25.05.2021 06:00;36,17;1,56;246,19;24,42;26,08;34,91
25.05.2021 07:00;38,23;1,57;179,58;18,64;20,58;70,63
25.05.2021 08:00;37,99;1,15;242,18;25,22;29,8;72,97
25.05.2021 09:00;26,93;0,83;223,06;28,18;34,48;76,25
25.05.2021 10:00;23,05;0,84;150,35;10,7;12,86;96,21
25.05.2021 11:00;32,23;1,97;141,64;6,93;8,2;103,14
25.05.2021 12:00;29,01;1,2;145,06;7,15;8,31;107,58
25.05.2021 13:00;35,57;1,61;129,85;5,13;5,83;108,84
25.05.2021 14:00;30,94;0,7;126,77;6,6;7,57;111,59
25.05.2021 15:00;22,06;0,75;113,91;5,16;5,97;113,97
25.05.2021 16:00;19,51;1,38;113,22;6,48;7,28;119,99
25.05.2021 17:00;23,55;0,62;115,1;8,02;8,99;120,53
25.05.2021 18:00;31,33;0,76;108,17;7,59;8,37;119,89
25.05.2021 19:00;28,11;1,66;122,41;9,5;10,26;113,14
25.05.2021 20:00;30,76;0,46;197,75;19,28;19,96;92,27
25.05.2021 21:00;31,89;0,85;405,68;53,8;54,79;40,16
25.05.2021 22:00;41,82;2,09;1.005,21;110,89;168,01;6,47
25.05.2021 23:00;55,88;3,07;1.630,43;133,32;221,33;0,94
26.05.2021 00:00;62,74;1,47;919,48;99,55;128;0,54
26.05.2021 01:00;61,72;0,96;371,64;46,45;50,88;43,67
26.05.2021 02:00;50,19;0,78;201,45;17,16;17,89;66,3
26.05.2021 03:00;35,95;0,84;187,21;10,11;10,68;66,99
26.05.2021 04:00;26,03;0,91;202,16;12,89;13,7;47,18
26.05.2021 05:00;26,93;4,59;282,88;27,88;30,34;29,64
26.05.2021 06:00;34,6;4,83;352,56;38,26;42,28;15,31
26.05.2021 07:00;26,55;6,12;414,86;54,85;74,88;8,15
26.05.2021 08:00;33,87;1,94;388,67;49,32;69,1;35,39
26.05.2021 09:00;28,41;1,68;351,47;39,47;51,59;57,68
26.05.2021 10:00;35,48;1,96;308,88;34,21;43,5;79,53
26.05.2021 11:00;37,32;1,3;223,1;13,67;16,37;105,42
26.05.2021 12:00;32,08;3,36;213,37;12,19;14,32;118,76
26.05.2021 13:00;30,45;6,8;200,61;11,25;12,53;147,94
26.05.2021 14:00;34,8;4,63;195,34;10,51;11,3;168,63
26.05.2021 15:00;32,59;5,17;176,57;8,75;9,42;161,13
26.05.2021 16:00;39,06;4,15;166,14;7,86;8,47;157,47
26.05.2021 17:00;34,7;3,5;161,98;8,59;9,34;154,96
26.05.2021 18:00;29,32;2,12;146,39;6,18;6,63;145,93
26.05.2021 19:00;32,81;1,56;153;9,05;9,55;136,63
26.05.2021 20:00;32,89;1,36;230,36;20,5;21,08;113,54
26.05.2021 21:00;24,65;1,68;370,86;49,8;50,73;67,18
26.05.2021 22:00;44,25;1,82;547,89;59,55;66,84;47,21
26.05.2021 23:00;51,93;2,71;1.142,23;107,53;135,72;-
27.05.2021 00:00;55,06;2,09;1.259,57;117,21;170,16;-
27.05.2021 01:00;59,9;1,4;998,39;99,82;127,49;-
27.05.2021 02:00;50,78;1,24;487,54;61,51;66,94;26,5
27.05.2021 03:00;33,31;0,93;329,31;35,47;37,02;37,85
27.05.2021 04:00;24,3;0,79;220,94;19,36;20,63;59,88
27.05.2021 05:00;24,05;0,82;181,92;12,14;12,92;62,19
27.05.2021 06:00;20,75;0,98;246,83;21;22,27;39,16
27.05.2021 07:00;27,86;5,88;328,69;48,59;62,54;28,43
27.05.2021 08:00;34,44;1,23;255,53;38,49;47,07;60,07
27.05.2021 09:00;43,33;1,09;298,1;45,97;57,83;59,6
27.05.2021 10:00;43,37;5,57;198,04;21,94;27,19;88,64
27.05.2021 11:00;52,19;2,83;178,65;12,03;14,15;103,44
27.05.2021 12:00;53,24;5;183,72;12,58;14,29;104,87
27.05.2021 13:00;45,07;5,88;170,52;8,76;10,4;113,75
27.05.2021 14:00;39,68;2,03;160,31;6,21;7,06;123,65
27.05.2021 15:00;32,16;2,09;167,77;9,45;10,49;115,74
27.05.2021 16:00;41,97;2,48;180,15;11,65;12,41;112,25
27.05.2021 17:00;31,88;1,09;246,28;20,47;22,05;101,03
27.05.2021 18:00;46,29;0,66;228;21,23;23,32;101,99
27.05.2021 19:00;33,24;0,72;343,96;42,5;45,32;81,8
27.05.2021 20:00;38,33;1,35;303,85;31,42;34,13;87,65
27.05.2021 21:00;38,41;2,44;258,8;19,1;20,87;88,05
27.05.2021 22:00;33,34;3,06;363,07;32,74;34,54;67,78
27.05.2021 23:00;26,16;2,41;294,74;23,7;25,42;71,16
28.05.2021 00:00;22,65;2,78;311,64;20,74;22,84;66,35
28.05.2021 01:00;31,43;2,86;148,75;15,76;16,9;77,37
28.05.2021 02:00;22,84;5,05;155,31;21,73;22,96;57,19
28.05.2021 03:00;16,1;3,44;172,96;30,84;32,59;34,75
28.05.2021 04:00;11,57;2,74;191,01;30,06;32,28;26,7
28.05.2021 05:00;9;2,13;165,35;21,82;23,85;33,78
28.05.2021 06:00;12,83;1,76;133,02;14,55;16,24;44,51
28.05.2021 07:00;15,46;2,05;189,17;25,9;31,27;32,78
28.05.2021 08:00;19,02;1,89;250,6;33,74;42,56;48,79
28.05.2021 09:00;14,63;1,37;166,13;18,95;22,95;85,48
28.05.2021 10:00;12,54;1,3;150,71;16,39;19,61;101,89
28.05.2021 11:00;16,03;1,23;131,35;11,05;12,99;111,79
28.05.2021 12:00;19,8;1,53;124,34;7,76;9,01;119,51
28.05.2021 13:00;23,89;1,47;105,8;6,3;7,24;117,96
28.05.2021 14:00;22,11;1,64;92,33;4,94;5,68;115
28.05.2021 15:00;19,58;1,4;63,4;6,79;8,14;102,35
28.05.2021 16:00;30,07;0,89;66,72;7,58;9,06;102,88
28.05.2021 17:00;32,35;0,79;59,02;9,05;10,71;96,91
28.05.2021 18:00;41,54;1,1;66,15;10,23;11,84;93,73
28.05.2021 19:00;41,13;1,62;117,43;16,29;18,23;91,9
28.05.2021 20:00;44,13;2,04;220,26;32,55;35,41;75,62
28.05.2021 21:00;40,51;2,07;266,05;32,83;-;-
28.05.2021 22:00;44,38;1,87;240,83;26,61;-;75,51
28.05.2021 23:00;36,81;1,62;186,72;18,71;19,39;80,1
29.05.2021 00:00;31,17;1,33;119,37;12;12,62;82,92
29.05.2021 01:00;37,24;0,81;163,23;5,75;6,01;79,32
29.05.2021 02:00;40,1;0,53;143,09;4,28;4,5;80,44
29.05.2021 03:00;28,41;0,96;160,34;4,42;4,58;84,59
29.05.2021 04:00;22,9;2,18;209,24;5,59;5,91;97,07
29.05.2021 05:00;34,63;2,25;203,25;5,18;5,46;97,75
29.05.2021 06:00;36,12;2,28;198,07;4,5;4,73;98,11
29.05.2021 07:00;38,12;2,11;207,44;7,35;7,76;93,45
29.05.2021 08:00;36,15;2;223,84;12,86;13,74;84,71
29.05.2021 09:00;27,37;2,57;250,46;15,13;16,47;77,13
29.05.2021 10:00;31,47;2,69;257,04;17,18;19,41;83,16
29.05.2021 11:00;32,85;1,08;201,8;6,13;6,76;101,7
29.05.2021 12:00;28,85;0,6;194,53;4,75;5,27;103,38
29.05.2021 13:00;35,39;0,44;195,78;4,82;5,33;107,14
29.05.2021 14:00;29,05;0,43;197,83;5,32;5,86;109,18
29.05.2021 15:00;22,68;0,53;205,89;7,48;8,23;109,54
29.05.2021 16:00;17,5;0,7;192,74;7,16;7,73;113,48
29.05.2021 17:00;21,92;0,39;192,36;6,19;6,77;114,37
29.05.2021 18:00;28,28;0,53;203,16;8,24;9,14;113,28
29.05.2021 19:00;23,83;0,7;212,46;10,92;12,16;109,04
29.05.2021 20:00;25,36;0,92;227,33;13,21;14,31;103,87
29.05.2021 21:00;17,25;0,69;201,08;11,33;11,86;97,94
29.05.2021 22:00;8,83;0,7;194,93;11,45;11,84;93,28
29.05.2021 23:00;12,87;0,75;209,46;12,35;12,65;84,75
30.05.2021 00:00;12,51;1,09;243,4;20,2;20,62;73,16
30.05.2021 01:00;17,19;1,69;163,68;13,58;14,16;79,17
30.05.2021 02:00;17,58;1,5;152,86;10,56;11,48;79,94
30.05.2021 03:00;13,11;1,57;143,12;7,71;8,35;83,62
30.05.2021 04:00;10,04;1,64;155,14;8,6;9,01;80,67
30.05.2021 05:00;7,46;1,75;160,53;9,97;10,42;75,17
30.05.2021 06:00;5,69;1,64;185,85;10,79;11,48;52,26
30.05.2021 07:00;8,14;1,61;180,73;10,4;11,46;58,54
30.05.2021 08:00;17,67;1,56;190,01;11,8;13,8;68,06
30.05.2021 09:00;13,53;5,55;184,73;11,33;13,46;86,94
30.05.2021 10:00;10,57;1,72;144,52;4,87;5,6;97,97
30.05.2021 11:00;10,95;1,89;158,95;4,61;5,28;103,64
30.05.2021 12:00;16,92;1,63;155,95;4,67;5,31;107,75
30.05.2021 13:00;20,4;1,74;166,26;4,45;5,11;113,15
30.05.2021 14:00;15,51;3,97;168,55;4,45;-;117,77
30.05.2021 15:00;12,67;2,84;175,15;4,66;5,28;120,27
30.05.2021 16:00;16,41;1,88;169,09;4,83;5,47;119,91
30.05.2021 17:00;13,07;1,64;175,82;5,53;6,17;118,04
30.05.2021 18:00;20,1;1,4;202,31;8,44;9,24;112,13
30.05.2021 19:00;23,36;1,67;243,17;10,77;12,19;105,93
30.05.2021 20:00;20,74;1,2;299,08;14,81;15,98;99,09
30.05.2021 21:00;14,83;1,51;273,9;13,98;14,72;91,14
30.05.2021 22:00;13,71;1,35;203,83;9,85;-;93,12
30.05.2021 23:00;17,66;1,42;247,55;14,54;15,35;87,4
31.05.2021 00:00;16,37;1,27;205,4;12,94;13,5;87,57
31.05.2021 01:00;21,51;0,84;236,69;12,98;13,57;78,62
31.05.2021 02:00;18,49;1,01;250,99;11,97;12,55;75,16
31.05.2021 03:00;14,36;4,2;260,97;15,27;16,31;50,39
31.05.2021 04:00;13,8;2,13;257,07;13,02;13,98;57,74
31.05.2021 05:00;16,72;24,99;248,71;21,62;22,91;40,33
31.05.2021 06:00;33,02;5,09;-;-;-;-
31.05.2021 07:00;30,52;6,95;293,4;27,4;30,82;36,9
31.05.2021 08:00;34,29;7,42;351,02;31,25;36,2;44,88
31.05.2021 09:00;26,27;3,04;268,45;21,19;25,44;70,3
31.05.2021 10:00;33,9;3,58;220,96;12,22;14,65;87,03
31.05.2021 11:00;36,47;2,02;221,29;9,78;11,34;100,95
31.05.2021 12:00;30,93;1,52;200,13;7,01;8,01;107,79
31.05.2021 13:00;29,86;1,67;198,67;5,79;6,71;110,95
31.05.2021 14:00;32,12;1,31;195,98;5,44;6,31;109,7
31.05.2021 15:00;27,21;1,76;200,64;7,23;8,33;106,2
31.05.2021 16:00;27,99;1,23;202,58;8,63;10,03;97,46
31.05.2021 17:00;29,16;1,48;236,61;13,32;14,79;77,23
31.05.2021 18:00;31,97;1,82;288,17;23,21;25,46;63,66
31.05.2021 19:00;23,03;0,88;254,64;19,35;22,09;72,97
31.05.2021 20:00;28,33;0,82;400,37;41,92;45,72;50,72
31.05.2021 21:00;21,08;1,86;408,01;44,76;47,06;32,28
31.05.2021 22:00;23,55;1,36;263,07;18,25;19,24;71,05
31.05.2021 23:00;18,76;1,54;257,99;13,2;14,14;72,29
1.06.2021 00:00;21,93;1,98;266,67;21,72;-;57,42
1.06.2021 01:00;22,34;1,72;-;26,75;-;-
1.06.2021 02:00;25,9;4,56;187,76;20,62;21,65;40,41
1.06.2021 03:00;19,85;7,75;191,52;20,92;22,1;32,34
1.06.2021 04:00;21,3;1,18;208,54;22,93;24,46;17,75
1.06.2021 05:00;21,3;0,98;155,18;15,29;16,74;27,9
1.06.2021 06:00;25,19;1,07;178,21;17,3;19,36;24,87
1.06.2021 07:00;31,21;1,69;196,16;17,9;20,99;22,19
1.06.2021 08:00;-;17,9;-;-;-;-
1.06.2021 09:00;29,54;7,28;241,82;25,64;33,14;52,88
1.06.2021 10:00;38,01;2,76;165,02;7,82;9,49;79,8
1.06.2021 11:00;35,55;2,65;168,57;7,47;8,85;85,72
1.06.2021 12:00;33,31;1,72;159,97;7,44;9,05;89,41
1.06.2021 13:00;29,19;0,7;142,93;6,33;7,81;93,74
1.06.2021 14:00;23,08;0,62;149,59;8,12;9,6;93,82
1.06.2021 15:00;17,14;0,35;136,95;7,26;8,56;96,53
1.06.2021 16:00;13,15;-;133,85;9,1;10,79;91,41
1.06.2021 17:00;10,11;-;-;12,44;14,85;-
1.06.2021 18:00;84,54;0,95;149,81;14,53;16,1;94,24
1.06.2021 19:00;65,37;0,87;167,14;20,48;22,13;89,91
1.06.2021 20:00;40,8;0,92;183,21;25,44;27;81,8
1.06.2021 21:00;35,61;0,43;198,28;26,84;28,26;74,86
1.06.2021 22:00;31,82;0,46;366,81;48,66;52,06;46,64
1.06.2021 23:00;23,64;0,3;293,05;38,28;-;50,03
2.06.2021 00:00;16,98;0,4;429,31;44,42;46,41;33,2
2.06.2021 01:00;12,84;5,07;450,21;46,25;48,56;12,93
2.06.2021 02:00;14,17;2,92;364,53;44,8;51,11;14,66
2.06.2021 03:00;23,13;0,95;262,42;23,17;24,73;26,05
2.06.2021 04:00;21,24;0,73;320,05;27,48;29,43;16,54
2.06.2021 05:00;21,72;0,74;230,74;16,43;17,98;23,72
2.06.2021 06:00;15,76;0,65;205,83;15,68;17,43;24,51
2.06.2021 07:00;11,54;1,52;277,22;28,21;34,83;25,1
2.06.2021 08:00;13,6;2,27;248,63;29,43;37,77;45,23
2.06.2021 09:00;25,29;15,51;284,8;31,98;42,34;52,14
2.06.2021 10:00;26,19;3,71;233,82;22,02;28,43;72,04
2.06.2021 11:00;31,39;1,36;204,24;11,53;13,45;91,6
2.06.2021 12:00;23,22;1,08;205,45;9,95;11,27;99,61
2.06.2021 13:00;18,16;3,31;730,56;15,24;17,39;96,08
2.06.2021 14:00;24,38;2,77;201,01;11,4;12,84;106,93
2.06.2021 15:00;30,32;0,34;175,86;9,46;10,92;108,03
2.06.2021 16:00;26,48;0,41;156,81;7,88;-;109,35
2.06.2021 17:00;22,26;0,32;157,84;8,6;9,84;105,39
2.06.2021 18:00;20,1;-;154,84;9,8;11,07;103,87
2.06.2021 19:00;20,34;0,31;190,79;23,59;27,83;92,15
2.06.2021 20:00;17,32;0,31;212,69;20,51;21,87;93,99
2.06.2021 21:00;13,92;0,83;254,75;26,9;27,78;85,85
2.06.2021 22:00;18,39;1,2;288,86;33,34;-;72,68
2.06.2021 23:00;16,5;1,21;233,92;26,32;26,98;77,25
3.06.2021 00:00;12,62;1,12;193,94;13,75;14,22;76,21
3.06.2021 01:00;14,68;3,91;240,75;16,4;17,09;54,64
3.06.2021 02:00;12,54;1,25;204,48;-;-;66,76
3.06.2021 03:00;12,89;1,24;194,63;22,08;22,55;63,97
3.06.2021 04:00;12,9;1,17;190,06;-;-;56,84
3.06.2021 05:00;12,74;1,22;184,7;-;-;54,81
3.06.2021 06:00;8,97;1,74;230,07;-;-;27,13
3.06.2021 07:00;6,67;1,74;249,92;-;-;24,98
3.06.2021 08:00;7,12;1,52;250,08;-;-;43,12
3.06.2021 09:00;18,57;1,48;243,7;-;-;58,6
3.06.2021 10:00;20,63;1,84;237,23;-;-;70,16
3.06.2021 11:00;20,85;2,68;204,43;-;-;85,27
3.06.2021 12:00;15;1,73;192,35;-;-;100,53
3.06.2021 13:00;11,38;2,65;211,03;-;-;106,41
3.06.2021 14:00;9,02;3,91;220,04;-;-;115,67
3.06.2021 15:00;14,45;2,95;202,49;-;-;125,42
3.06.2021 16:00;25,75;2,57;220,96;-;-;134,77
3.06.2021 17:00;32,18;1,75;218,18;-;-;117,05
3.06.2021 18:00;30,8;1,61;218,09;-;-;105,32
3.06.2021 19:00;31,59;1,76;260,05;-;-;97,94
3.06.2021 20:00;29,45;1,11;265,53;-;-;95,4
3.06.2021 21:00;26,91;1,55;263,41;-;-;84,2
3.06.2021 22:00;23,41;0,98;247,07;-;-;83,65
3.06.2021 23:00;19,87;1,15;241,38;-;-;75,21
4.06.2021 00:00;14,83;1,35;218,22;-;-;77,52
4.06.2021 01:00;25,65;0,93;204,08;-;-;81,72
4.06.2021 02:00;23,7;1,08;197,91;-;-;77,68
4.06.2021 03:00;23,17;1,94;252,88;-;-;60,41
4.06.2021 04:00;24,16;13,47;241,26;-;-;52,93
4.06.2021 05:00;30,58;35,29;229,1;-;-;48,63
4.06.2021 06:00;23,35;59,11;275,26;-;-;36,46
4.06.2021 07:00;31,65;10,17;253,67;-;-;41,98
4.06.2021 08:00;-;12,33;-;-;-;-
4.06.2021 09:00;32,44;9,33;271,34;-;-;66,62
4.06.2021 10:00;35,85;4,05;350,19;-;-;62,72
4.06.2021 11:00;38,69;4,81;256,35;-;-;83,87
4.06.2021 12:00;28,94;2,91;217,74;-;-;96,51
4.06.2021 13:00;26,88;2,71;216,48;-;-;99,82
4.06.2021 14:00;29,72;1,88;214,6;-;-;101,95
4.06.2021 15:00;27,15;1,26;223,07;-;-;99,7
4.06.2021 16:00;27,51;0,84;250,65;-;-;97,57
4.06.2021 17:00;22,07;1,57;251,32;-;-;94,09
4.06.2021 18:00;17,46;0,62;237,03;-;-;99,57
4.06.2021 19:00;13,54;0,58;248,57;-;-;92,67
4.06.2021 20:00;18,3;0,68;258,61;-;-;87,28
4.06.2021 21:00;13,76;0,65;245,26;-;-;85,21
4.06.2021 22:00;16,49;0,57;250,44;-;-;83,49
4.06.2021 23:00;17,88;0,92;237,43;-;-;76,57
5.06.2021 00:00;12,6;0,98;227,97;-;-;76,09
5.06.2021 01:00;9,77;0,63;279,53;-;-;46,16
5.06.2021 02:00;11,84;0,99;232,56;-;-;55,79
5.06.2021 03:00;14,58;0,77;199,84;-;-;65,12
5.06.2021 04:00;16,21;0,67;197,33;-;-;67,99
5.06.2021 05:00;12,08;0,66;230,13;-;-;57
5.06.2021 06:00;9,09;0,65;235,19;-;-;58,1
5.06.2021 07:00;8,02;0,69;281,07;-;-;39,12
5.06.2021 08:00;16,2;0,68;248,66;-;-;64,32
5.06.2021 09:00;19,68;0,83;222,8;-;-;75,77
5.06.2021 10:00;27,14;0,64;213,07;-;-;80,7
5.06.2021 11:00;29,5;0,97;206;-;-;85,7
5.06.2021 12:00;30,39;0,58;212,56;-;-;88,66
5.06.2021 13:00;29,39;0,73;207,54;-;-;91,9
5.06.2021 14:00;22,63;0,76;206,84;-;-;93,31
5.06.2021 15:00;27,16;0,29;213,19;-;-;92,98
5.06.2021 16:00;25,16;0,28;222,07;-;-;91,93
5.06.2021 17:00;27,25;0,21;215,8;-;-;94
5.06.2021 18:00;20,51;-;240,92;-;-;92,88
5.06.2021 19:00;19,83;0,29;265,61;-;-;92,85
5.06.2021 20:00;18,55;0,35;267,07;-;-;88,48
5.06.2021 21:00;25,76;0,32;277,61;-;-;85,19
5.06.2021 22:00;18,6;0,24;304,22;-;-;80,81
5.06.2021 23:00;16,61;0,2;260,21;-;-;88,89
6.06.2021 00:00;14,07;-;216,18;-;-;85,9
6.06.2021 01:00;13,46;0,72;-;-;-;-
6.06.2021 02:00;12,08;1,45;263,02;-;-;56,36
6.06.2021 03:00;22,45;1,37;158,08;-;-;65,99
6.06.2021 04:00;19,89;1,52;152,14;-;-;67,68
6.06.2021 05:00;19,5;1,48;161,43;-;-;67,61
6.06.2021 06:00;14,8;1,51;204,87;-;-;52,22
6.06.2021 07:00;12,1;1,21;196,15;-;-;51,95
6.06.2021 08:00;14,15;1,22;236,55;-;-;59,2
6.06.2021 09:00;13,49;1,02;220,26;-;-;67,9
6.06.2021 10:00;15,66;1,24;151,83;-;-;86,64
6.06.2021 11:00;20,23;2,25;150;-;-;94,55
6.06.2021 12:00;15,05;2,28;147,4;-;-;104,44
6.06.2021 13:00;15,61;1,65;149,96;-;-;111,36
6.06.2021 14:00;15,66;1,71;144,79;-;-;117,06
6.06.2021 15:00;19,39;2,59;153,5;-;-;119,5
6.06.2021 16:00;19,26;2,33;163,68;-;-;123,06
6.06.2021 17:00;24,6;3,47;169,26;-;-;123,84
6.06.2021 18:00;21,92;2,21;167,71;-;-;123,07
6.06.2021 19:00;17,64;2,5;154,08;-;-;121,3
6.06.2021 20:00;23,85;1,02;188;-;-;116,12
6.06.2021 21:00;21,12;0,99;290;-;-;91,33
6.06.2021 22:00;18,57;1,47;576,95;-;-;38,51
6.06.2021 23:00;31,53;4,35;811,24;-;-;28,97
7.06.2021 00:00;29,9;3,5;1.163,73;-;-;-
7.06.2021 01:00;37,28;1,21;-;-;-;-
7.06.2021 02:00;41,72;0,94;562,6;-;-;22,81
7.06.2021 03:00;49,5;0,59;305,49;-;-;42,84
7.06.2021 04:00;35,1;0,42;208,71;-;-;45,12
7.06.2021 05:00;26,86;0,57;196,99;-;-;53,21
7.06.2021 06:00;19,87;0,42;192,64;-;-;46,51
7.06.2021 07:00;15,82;1,94;308,25;-;-;34,85
7.06.2021 08:00;25,26;2,75;253,12;-;-;54,87
7.06.2021 09:00;35,88;2,19;320,74;-;-;58,06
7.06.2021 10:00;33,45;5,01;263,61;-;-;82,19
7.06.2021 11:00;39,15;5,81;198,42;-;-;104,97
7.06.2021 12:00;30,57;1,84;154,15;-;-;126,15
7.06.2021 13:00;32,3;1,43;160,93;-;-;133,88
7.06.2021 14:00;26,37;1,48;146,93;-;-;139,25
7.06.2021 15:00;27,63;1,55;143,88;-;-;144,92
7.06.2021 16:00;25,11;2,53;150,26;-;-;153,06
7.06.2021 17:00;29,47;2,65;148,78;-;-;155,9
7.06.2021 18:00;36,12;1,71;155,39;-;-;154,63
7.06.2021 19:00;34,4;2,18;185,18;-;-;146,6
7.06.2021 20:00;34,12;3,85;227,37;-;-;113,42
7.06.2021 21:00;30,87;5,61;271,65;-;-;90,75
7.06.2021 22:00;36,63;10,82;306,89;-;-;72,47
7.06.2021 23:00;40,14;20,25;382,77;-;-;50,35
8.06.2021 00:00;77,38;13,29;831,04;-;-;-
8.06.2021 01:00;81,86;1,72;616,73;-;-;19,11
8.06.2021 02:00;70,07;1,22;301,61;-;-;60,06
8.06.2021 03:00;47,02;1,31;251,55;-;-;59,98
8.06.2021 04:00;42,36;1,09;184,56;-;-;74,67
8.06.2021 05:00;33,54;0,84;181,74;-;-;66,46
8.06.2021 06:00;24,32;0,94;217,96;-;-;46,49
8.06.2021 07:00;24,84;1,54;323,06;-;-;23,35
8.06.2021 08:00;37,6;2,03;453,21;-;-;30,08
8.06.2021 09:00;42,82;1,48;282,2;-;-;76,56
8.06.2021 10:00;51,81;1,77;245,74;-;-;88,78
8.06.2021 11:00;46,87;2,74;177,82;-;-;112,95
8.06.2021 12:00;35,65;1,38;156,75;-;-;130,27
8.06.2021 13:00;32,47;1,4;163,02;-;-;134,62
8.06.2021 14:00;33,23;1,41;161,98;-;-;128,26
8.06.2021 15:00;32,1;1,55;193,11;-;-;119,42
8.06.2021 16:00;31,81;1,48;202,69;-;-;117,04
8.06.2021 17:00;33,76;2,21;209,29;-;-;113,15
8.06.2021 18:00;25,59;3,12;208,61;-;-;116,05
8.06.2021 19:00;31,04;5,55;245,18;-;-;102,33
8.06.2021 20:00;53,66;1,59;331,88;-;-;84,08
8.06.2021 21:00;52,77;3,39;294,88;-;-;84,5
8.06.2021 22:00;47,77;3,36;299,82;-;-;78,35
8.06.2021 23:00;36,27;2,76;342,54;-;-;64,27
9.06.2021 00:00;25,69;2,65;290,13;-;-;73,13
9.06.2021 01:00;18,62;2,16;274,98;-;-;52,13
9.06.2021 02:00;15,71;2,02;195,88;-;-;54,38
9.06.2021 03:00;17,37;1,73;156,42;-;-;54,56
9.06.2021 04:00;15,68;1,5;143,76;-;-;53,23
9.06.2021 05:00;12,98;1,39;145,63;-;-;48,27
9.06.2021 06:00;10,83;1,07;216,84;-;-;25,7
9.06.2021 07:00;13,19;1,69;271,07;-;-;21,24
9.06.2021 08:00;18,34;3,17;385,42;-;-;21,04
9.06.2021 09:00;42,06;3,01;291,65;-;-;54,64
9.06.2021 10:00;53,07;4;240,15;-;-;76,08
9.06.2021 11:00;48,38;4,79;193,92;-;-;91,21
9.06.2021 12:00;50,8;4,09;134,22;-;-;107,58
9.06.2021 13:00;39,6;3,34;107,1;-;-;110,9
9.06.2021 14:00;40,95;2,85;104,26;-;-;118,64
9.06.2021 15:00;36,54;2,14;110,91;-;-;120,8
9.06.2021 16:00;32,92;2,2;95,84;-;-;120,84
9.06.2021 17:00;25,64;3,39;112,71;-;-;119,42
9.06.2021 18:00;20,14;3,39;144,9;-;-;112,53
9.06.2021 19:00;26,04;1,61;221,73;-;-;90,75
9.06.2021 20:00;29,39;2,25;272,35;-;-;66,18
9.06.2021 21:00;29,78;1,84;252,98;-;-;64,54
9.06.2021 22:00;32,55;2;175,06;-;-;81,84
9.06.2021 23:00;28,42;1,94;196,4;-;-;80,08
10.06.2021 00:00;22,47;2,05;154,63;-;-;81,67
10.06.2021 01:00;21,1;1,6;243,01;-;-;56,39
10.06.2021 02:00;19,79;-;-;-;-;-
10.06.2021 03:00;23,65;1,29;228,53;-;-;44,87
10.06.2021 04:00;18,31;1,11;213,7;-;-;42,55
10.06.2021 05:00;18,14;2,9;258,36;-;-;30,84
10.06.2021 06:00;13,78;3,99;311,75;-;-;19,24
10.06.2021 07:00;18,09;4,07;385;-;-;12,63
10.06.2021 08:00;29,88;10,75;449,98;-;-;-
10.06.2021 09:00;39,28;23,43;300,28;-;-;65,86
10.06.2021 10:00;38,21;4,69;380,61;-;-;62
10.06.2021 11:00;35,36;2,31;353,13;-;-;69,65
10.06.2021 12:00;36,2;3,87;271,28;-;-;93,07
10.06.2021 13:00;27,37;1,54;191,51;-;-;117,77
10.06.2021 14:00;26,89;1,5;192,83;-;-;114,72
10.06.2021 15:00;22,46;0,7;228,66;-;-;96,93
10.06.2021 16:00;19,96;0,61;251,88;-;-;88,61
10.06.2021 17:00;15;0,93;250,77;-;-;89,33
10.06.2021 18:00;10,99;1,11;273,11;-;-;83,49
10.06.2021 19:00;8,46;1,39;274,1;-;-;75,8
10.06.2021 20:00;10,86;2,12;308,7;-;-;70,64
10.06.2021 21:00;15,16;2,18;305,72;-;-;79,5
10.06.2021 22:00;17,15;1,87;291,66;-;-;82,8
10.06.2021 23:00;13,06;1,44;282,28;-;-;79,33
11.06.2021 00:00;9,39;1,18;429,74;-;-;32,02
11.06.2021 01:00;8,89;1,17;330,22;-;-;28,21
11.06.2021 02:00;16,31;1,86;271,91;-;-;19,73
11.06.2021 03:00;15,96;33,73;246,27;-;-;12,19
11.06.2021 04:00;26,97;5,5;241,61;-;-;22,86
11.06.2021 05:00;19,95;2,75;274,35;-;-;11,94
11.06.2021 06:00;21,54;2,01;329,88;-;-;3,15
11.06.2021 07:00;20,84;3,04;421,67;-;-;3,78
11.06.2021 08:00;31,03;3,82;389,03;-;-;27,74
11.06.2021 09:00;33,84;2,19;293,24;-;-;62,79
11.06.2021 10:00;35,83;3,5;250,14;-;-;86,18
11.06.2021 11:00;38,34;2,69;203,89;-;-;107,62
11.06.2021 12:00;27,87;2,81;189,06;-;-;116,18
11.06.2021 13:00;22,61;2,01;182,87;-;-;124,14
11.06.2021 14:00;19,19;1,49;168,78;-;-;128,05
11.06.2021 15:00;21,65;1,44;175,3;-;-;127,05
11.06.2021 16:00;21,69;0,99;160,48;-;-;127,54
11.06.2021 17:00;15,54;0,93;168,16;-;-;123,81
11.06.2021 18:00;11,24;1,85;240,98;-;-;105,47
11.06.2021 19:00;10,3;3,21;319,55;-;-;91,02
11.06.2021 20:00;20,08;2,89;431,38;-;-;63,8
11.06.2021 21:00;15,14;4,63;308,79;-;-;75,52
11.06.2021 22:00;15,87;3,95;265;-;-;71,68
11.06.2021 23:00;11,63;2,56;285,83;-;-;62,97
12.06.2021 00:00;8,44;1,84;298,63;-;-;50,01
12.06.2021 01:00;6,8;1,62;250,69;-;-;45,91
12.06.2021 02:00;7,57;1,54;214,46;-;-;50,34
12.06.2021 03:00;7,12;1,39;227,46;-;-;36,34
12.06.2021 04:00;6,58;1,19;215,4;-;-;28,67
12.06.2021 05:00;7,04;1,62;247,16;-;-;26,01
12.06.2021 06:00;7,02;1,55;329,06;-;-;15,3
12.06.2021 07:00;19,11;2,37;371,03;-;-;15,76
12.06.2021 08:00;36,71;5,08;252,79;-;-;60,63
12.06.2021 09:00;35,71;4,81;217,72;-;-;71,51
12.06.2021 10:00;34,74;3,2;195,22;-;-;85,6
12.06.2021 11:00;29,59;2,22;177;-;-;102,65
12.06.2021 12:00;23,13;2,11;163,84;-;-;116,76
12.06.2021 13:00;17,26;1,97;168,94;-;-;134,51
12.06.2021 14:00;15,53;-;-;-;-;-
12.06.2021 15:00;30,64;2,18;198,4;-;-;135,2
12.06.2021 16:00;24,92;1,64;300,11;-;-;113,73
12.06.2021 17:00;25,38;1,68;295,86;-;-;102,72
12.06.2021 18:00;18,76;1,69;221,5;-;-;125,29
12.06.2021 19:00;17,3;2,13;272,95;-;-;105,2
12.06.2021 20:00;13,98;2,05;421,91;-;-;75,47
12.06.2021 21:00;24,12;1,7;284,53;-;-;98,38
12.06.2021 22:00;22,52;1,86;285,94;-;-;87,19
12.06.2021 23:00;25,23;2,05;286,56;-;-;86,47
13.06.2021 00:00;18,43;2,09;306,92;-;-;73,75
13.06.2021 01:00;13,16;0,97;374,52;-;-;56
13.06.2021 02:00;10,18;1;221,32;-;-;-
13.06.2021 03:00;9,68;0,79;221,39;-;-;76,51
13.06.2021 04:00;11,52;0,53;259,32;-;-;51,66
13.06.2021 05:00;17,61;0,41;258,52;-;-;43,52
13.06.2021 06:00;13,13;0,79;270,96;-;-;32,71
13.06.2021 07:00;11,14;1,3;236,8;-;-;33,18
13.06.2021 08:00;15,34;2,36;268,74;-;-;49,66
13.06.2021 09:00;19,71;13,59;234;-;-;80,57
13.06.2021 10:00;17,86;2,52;192,45;-;-;97,69
13.06.2021 11:00;24,57;2,5;185,85;-;-;115,43
13.06.2021 12:00;21,74;1,94;186,57;-;-;129,5
13.06.2021 13:00;23,12;1,4;169,55;-;-;139,56
13.06.2021 14:00;22,67;1,03;157,04;-;-;139,79
13.06.2021 15:00;18,17;0,88;160,93;-;-;143,55
13.06.2021 16:00;16,41;0,76;160,24;-;-;147
13.06.2021 17:00;12,32;0,55;161,9;-;-;145,37
13.06.2021 18:00;10,3;0,5;165,83;-;-;144,93
13.06.2021 19:00;12,93;0,7;236,51;-;-;131,32
13.06.2021 20:00;12,93;0,67;232,57;-;-;124,2
13.06.2021 21:00;12,85;1,02;537,57;-;-;85,57
13.06.2021 22:00;20,94;0,92;444,16;-;-;83,32
13.06.2021 23:00;23,86;0,74;229,82;-;-;95,42
14.06.2021 00:00;17,79;0,82;252,69;-;-;85,17
14.06.2021 01:00;14,85;1,55;347,11;-;-;60,24
14.06.2021 02:00;16,07;1,12;214,92;-;-;95,62
14.06.2021 03:00;17,47;1,02;187,87;-;-;97,53
14.06.2021 04:00;21,16;1,08;188,23;-;-;96,22
14.06.2021 05:00;15,46;2,44;199,56;-;-;78,92
14.06.2021 06:00;12,14;5,28;231,77;-;-;58,35
14.06.2021 07:00;13,22;6,28;250,56;-;-;62,45
14.06.2021 08:00;18,29;1,99;318,13;-;-;84
14.06.2021 09:00;20,93;1,64;266,89;-;-;96,89
14.06.2021 10:00;25,89;3,41;-;-;-;-
14.06.2021 11:00;28,96;2,02;286,92;-;-;101,9
14.06.2021 12:00;26,15;1,95;205,06;-;-;133,03
14.06.2021 13:00;23,7;1,37;173,96;-;-;135,31
14.06.2021 14:00;89,57;0,97;195,03;-;-;130,27
14.06.2021 15:00;534,5;0,98;285,21;-;-;113,41
14.06.2021 16:00;378,11;1,81;348,56;-;-;98,26
14.06.2021 17:00;23,07;2,69;276,27;-;-;112,51
14.06.2021 18:00;12,31;1,47;274,32;-;-;103
14.06.2021 19:00;7,28;0,75;262,02;-;-;98,19
14.06.2021 20:00;16,18;1,37;337,26;-;-;80,17
14.06.2021 21:00;34,48;4,31;253,37;-;-;77,15
14.06.2021 22:00;11,33;3,19;270,71;-;-;70,52
14.06.2021 23:00;4,6;13,12;304,68;-;-;53,4
15.06.2021 00:00;3,21;5,92;280,65;-;-;45,05
15.06.2021 01:00;3,33;3,52;287,58;-;-;36,5
15.06.2021 02:00;6,62;9,78;230,39;-;-;50,41
15.06.2021 03:00;30,48;5,35;204,6;-;-;42,65
15.06.2021 04:00;8,13;2,85;209,67;-;-;43,81
15.06.2021 05:00;10,89;2,21;201,28;-;-;48,05
15.06.2021 06:00;3,87;1,94;259,1;-;-;54,28
15.06.2021 07:00;9,01;2,53;341,13;-;-;45,04
15.06.2021 08:00;36,73;3,4;279,42;-;-;60,68
15.06.2021 09:00;45,68;5,16;268,8;-;-;69,71
15.06.2021 10:00;25,41;4,14;256,17;-;-;83,29
15.06.2021 11:00;-;-;-;-;-;-
