Tarih;Konya - Sarayönü;;;;
;PM10 ( - );CO ( - );NO2 ( - );NOX ( - );O3 ( - )
5.05.2021 13:00;22,36;234,15;2,27;2,52;83,67
5.05.2021 14:00;23,58;233,45;2,26;2,49;87,96
5.05.2021 15:00;21,53;231,23;2,22;2,44;90,45
5.05.2021 16:00;15,77;230,78;2,79;3,35;93,22
5.05.2021 17:00;17,12;235,47;2,34;2,56;95,96
5.05.2021 18:00;19,88;232;2,2;2,37;95,84
5.05.2021 19:00;21,6;230,36;2,28;2,44;93,51
5.05.2021 20:00;21,3;232,71;2,9;3,06;81,31
5.05.2021 21:00;17,22;232,59;3,6;3,79;75,59
5.05.2021 22:00;13,43;231,71;4,4;4,6;73,4
5.05.2021 23:00;25,33;243,68;4,81;5,08;58,23
6.05.2021 00:00;31,8;222,85;5,06;5,34;51,4
6.05.2021 01:00;39;218,11;5,1;5,44;43,86
6.05.2021 02:00;42,95;201,35;5,01;5,35;34,01
6.05.2021 03:00;35,01;213;7,73;8,63;45,41
6.05.2021 04:00;25,51;219,58;5,26;5,65;53,3
6.05.2021 05:00;20,72;207,55;7,19;7,56;53,67
6.05.2021 06:00;16,4;196,94;8,29;8,64;50,86
6.05.2021 07:00;17,87;190;4,97;5,32;41,52
6.05.2021 08:00;22,72;201,28;4,98;5,94;35,38
6.05.2021 09:00;24,36;214,39;10,61;13,47;31,85
6.05.2021 10:00;24,37;207,43;5,2;6,45;49,67
6.05.2021 11:00;38;204,34;2,81;3,2;97,51
6.05.2021 12:00;46,4;202,19;2,19;2,41;97,92
6.05.2021 13:00;41,02;205,99;2,37;2,59;100,71
6.05.2021 14:00;37,53;203,86;2,46;2,67;100,12
6.05.2021 15:00;30,5;215,91;2,91;3,17;92,86
6.05.2021 16:00;27,35;215,19;2,67;2,91;87,64
6.05.2021 17:00;23,15;212,06;2,91;3,14;87,05
6.05.2021 18:00;19,84;207,06;2,8;3,05;87,77
6.05.2021 19:00;22,43;201,64;2,92;3,16;86,35
6.05.2021 20:00;21,35;189,16;2,7;2,85;80,48
6.05.2021 21:00;15,99;189,2;2,74;2,89;71,4
6.05.2021 22:00;11,29;183,87;2,69;2,85;60,47
6.05.2021 23:00;9,56;191,1;2,98;3,14;69,28
7.05.2021 00:00;7,93;199,5;3,73;3,94;62,1
7.05.2021 01:00;10,65;195,9;-;-;52,83
7.05.2021 02:00;11,02;174,3;3,27;3,49;44,34
7.05.2021 03:00;8,01;176,19;3,72;4,03;31,15
7.05.2021 04:00;5,71;191,18;5,95;6,43;30,39
7.05.2021 05:00;4,67;173,98;3,87;4,22;30,44
7.05.2021 06:00;5,2;181;3,78;4,07;30,55
7.05.2021 07:00;9,9;175,24;4,05;4,65;23,36
7.05.2021 08:00;12,68;183,28;6,41;8,58;35,39
7.05.2021 09:00;10,5;193,23;6,88;9,18;57,4
7.05.2021 10:00;12,91;190,82;4,27;5,32;74,41
7.05.2021 11:00;17,97;200,14;2,76;3,14;84,7
7.05.2021 12:00;20,45;195,74;2,49;2,8;89,63
7.05.2021 13:00;17,32;179,74;2,09;2,32;91,85
7.05.2021 14:00;16,23;178,28;2,17;2,39;93,92
7.05.2021 15:00;13,86;171,55;2,41;2,77;96,67
7.05.2021 16:00;10,07;168,93;2,47;2,74;100,51
7.05.2021 17:00;8,78;169,75;2,58;2,84;103,84
7.05.2021 18:00;8,36;163,37;2,52;2,74;104,1
7.05.2021 19:00;11,06;157,32;2,52;2,71;103,17
7.05.2021 20:00;10,42;159,93;3,31;3,48;88,35
7.05.2021 21:00;7,3;161,94;3,43;3,64;79,75
7.05.2021 22:00;5,11;159,22;3,23;3,45;72,17
7.05.2021 23:00;3,63;149,58;4;4,26;69,03
8.05.2021 00:00;2,66;154,98;4,23;4,55;64,61
8.05.2021 01:00;5,92;205,05;3,63;3,9;69,42
8.05.2021 02:00;11,27;232,93;4,84;5,12;61,05
8.05.2021 03:00;11,4;256,18;12,07;13,54;49,63
8.05.2021 04:00;10,59;249,69;10,37;11,02;50,07
8.05.2021 05:00;12;229,66;5,99;6,3;43,23
8.05.2021 06:00;15,25;237,84;5,2;5,51;59,82
8.05.2021 07:00;17,63;255,5;6,66;7,08;58,77
8.05.2021 08:00;20,73;232,09;6,26;6,75;60,68
8.05.2021 09:00;26,45;272,12;16,61;22,75;50,95
8.05.2021 10:00;36,16;237,31;5,39;6,69;75,93
8.05.2021 11:00;48,54;235,13;4,2;4,93;91,91
8.05.2021 12:00;51,85;238,06;4,87;6,04;90,3
8.05.2021 13:00;54,88;229,96;4,93;5,9;88,3
8.05.2021 14:00;65,5;230,52;2,63;3,11;82,83
8.05.2021 15:00;70,95;274,79;3,18;3,82;81,17
8.05.2021 16:00;78,39;266,03;2,98;3,6;80,1
8.05.2021 17:00;82,21;258,52;3,19;3,71;80,93
8.05.2021 18:00;89,18;268,43;2,96;3,41;80,93
8.05.2021 19:00;77,71;260,99;3,18;3,5;75,68
8.05.2021 20:00;60,16;324,29;6,48;7,3;63,83
8.05.2021 21:00;43,31;263,57;3,98;4,3;46,81
8.05.2021 22:00;28,6;253,95;4,76;5,1;41,04
8.05.2021 23:00;21,6;252,6;4,48;4,9;33,23
9.05.2021 00:00;21,22;243,1;4,98;5,44;28,04
9.05.2021 01:00;18,38;225,81;4,2;4,55;42,24
9.05.2021 02:00;15,33;195,11;4,64;5,01;22,5
9.05.2021 03:00;12,02;193;3,91;4,26;28,26
9.05.2021 04:00;8,72;229,33;4,34;4,72;41,83
9.05.2021 05:00;6,64;245,37;5,11;5,53;47,55
9.05.2021 06:00;11,85;233,94;4,07;4,42;50,1
9.05.2021 07:00;19,66;234,22;3,45;3,82;50,64
9.05.2021 08:00;18,36;236,88;3,36;3,82;51,21
9.05.2021 09:00;13,12;222,88;3,18;3,57;52,73
9.05.2021 10:00;10,74;217,09;3,2;3,74;51,82
9.05.2021 11:00;11,84;206,58;2,85;3,33;59,94
9.05.2021 12:00;12,93;193,14;2,67;3,05;70,78
9.05.2021 13:00;10,82;181,42;2,51;2,79;82,51
9.05.2021 14:00;10,76;170,04;2,41;2,63;88,63
9.05.2021 15:00;9,95;172,58;2,36;2,56;90,96
9.05.2021 16:00;8,92;153,86;2,35;2,55;96,13
9.05.2021 17:00;7,77;146,63;2,41;2,61;99,68
9.05.2021 18:00;5,89;136,5;2,38;2,56;103,36
9.05.2021 19:00;4,44;136,42;2,42;2,58;101,59
9.05.2021 20:00;3,33;152,97;2,66;2,79;95,31
9.05.2021 21:00;2,45;159,82;3,04;3,18;78,43
9.05.2021 22:00;1,84;155,13;3,04;3,19;59,67
9.05.2021 23:00;1,42;145,78;2,95;3,13;56,86
10.05.2021 00:00;1,12;132,37;2,7;2,88;56,56
10.05.2021 01:00;1,1;178,79;2,7;2,88;52,86
10.05.2021 02:00;1,7;183,17;2,96;3,13;53,55
10.05.2021 03:00;1,86;182,7;3,06;3,25;59,78
10.05.2021 04:00;1,74;185,49;2,96;3,14;57,73
10.05.2021 05:00;1,78;182,07;2,92;3,1;52,04
10.05.2021 06:00;1,85;176,96;2,86;3,03;45,48
10.05.2021 07:00;1,93;190,42;3,15;3,46;48,91
10.05.2021 08:00;1,99;194,13;2,77;3,09;62,65
10.05.2021 09:00;2,04;189,95;2,67;2,96;75,19
10.05.2021 10:00;2,06;188,47;2,73;3,03;81,9
10.05.2021 11:00;2,53;186,84;2,57;2,82;85,66
10.05.2021 12:00;3,64;179,12;2,49;2,7;89,17
10.05.2021 13:00;5,68;186,34;2,42;2,65;91,43
10.05.2021 14:00;8,49;182,94;2,38;2,58;93,43
10.05.2021 15:00;8,75;176,76;2,37;2,58;96,67
10.05.2021 16:00;6,97;175,2;2,37;2,57;101,82
10.05.2021 17:00;8,31;168,64;2,26;2,47;105,99
10.05.2021 18:00;8,11;162,33;2,16;2,32;106,08
10.05.2021 19:00;7,57;167,7;2,21;2,36;103,23
10.05.2021 20:00;6,75;170,79;2,82;2,95;92,19
10.05.2021 21:00;4,98;175,1;2,92;3,07;65,35
10.05.2021 22:00;3,49;176,28;4,98;5,17;56,44
10.05.2021 23:00;2,48;166,21;2,65;2,81;50,57
11.05.2021 00:00;1,81;166,45;2,66;2,83;47,81
11.05.2021 01:00;1,49;142,87;2,78;2,96;53,23
11.05.2021 02:00;4,32;132,65;2,62;2,8;49,8
11.05.2021 03:00;5,33;150,19;3,58;3,82;41,54
11.05.2021 04:00;4,57;165,79;9,29;9,81;31,78
11.05.2021 05:00;7,72;147,31;8,87;9,22;34,15
11.05.2021 06:00;11,89;145,75;5,73;6,02;32,51
11.05.2021 07:00;15,5;136,6;4,78;5,43;34,55
11.05.2021 08:00;16,4;129,7;3,94;4,75;52,57
11.05.2021 09:00;13,7;132,8;3,18;3,66;82,96
11.05.2021 10:00;11,44;135,69;3,09;3,53;87,96
11.05.2021 11:00;15,09;121,4;2,54;2,83;100,16
11.05.2021 12:00;22,55;127,05;-;-;105,53
11.05.2021 13:00;21,39;122,03;2,59;2,82;109,01
11.05.2021 14:00;22,54;128,43;3,31;3,73;109,49
11.05.2021 15:00;20,17;125,5;2,5;2,71;109,22
11.05.2021 16:00;14,61;120,56;2,63;2,89;108,71
11.05.2021 17:00;15,5;140,12;5,5;6,56;106,63
11.05.2021 18:00;19,02;126,77;2,6;2,9;104,16
11.05.2021 19:00;19,01;117,42;1,82;1,95;102,5
11.05.2021 20:00;15,34;161,6;3,96;4,16;87,76
11.05.2021 21:00;11,06;153,04;4,43;4,6;73,56
11.05.2021 22:00;12,4;126,28;3,06;3,2;65,1
11.05.2021 23:00;14;121,28;3,26;3,42;62,14
12.05.2021 00:00;14,51;122,09;6,12;6,39;59,2
12.05.2021 01:00;15,98;160,01;5,95;6,25;56,13
12.05.2021 02:00;19,41;178,68;4,96;5,18;55,02
12.05.2021 03:00;17,84;143,43;2,95;3,13;53,94
12.05.2021 04:00;13,4;136,05;3,13;3,34;38,49
12.05.2021 05:00;13,4;158,96;3,03;3,25;48,68
12.05.2021 06:00;12,05;169,18;3,44;3,69;50,95
12.05.2021 07:00;14,02;172,21;5,03;5,79;35,16
12.05.2021 08:00;19,85;173,07;7;9,43;46,75
12.05.2021 09:00;24,21;198,15;11,59;15,84;65,22
12.05.2021 10:00;38,45;174,48;6,08;7,61;81,01
12.05.2021 11:00;45,88;172,15;4,08;4,81;92,32
12.05.2021 12:00;41,62;175,41;4,36;5,16;103,62
12.05.2021 13:00;43,89;160,97;4;5,06;108,8
12.05.2021 14:00;50,05;157,01;2,75;3,31;109,57
12.05.2021 15:00;48,3;161,76;3,17;3,67;111,43
12.05.2021 16:00;45,8;168,02;2,33;2,59;110,87
12.05.2021 17:00;40,07;177,12;4,09;4,81;108,76
12.05.2021 18:00;38,95;181,81;2,93;3,33;108,4
12.05.2021 19:00;36,4;174,21;2,45;2,69;107,98
12.05.2021 20:00;41,78;231,24;6,24;7,07;84,59
12.05.2021 21:00;39,19;173,25;3,87;4,23;71
12.05.2021 22:00;52,13;163,39;3,52;3,76;75,95
12.05.2021 23:00;57,33;160,04;3,87;4,1;72,52
13.05.2021 00:00;47,76;159,76;2,82;3,09;72,97
13.05.2021 01:00;35,73;173,91;2,56;2,81;66,32
13.05.2021 02:00;33,3;194,95;2,4;2,62;72,46
13.05.2021 03:00;28,49;180,68;2,62;2,84;70,65
13.05.2021 04:00;20,45;174,32;3,01;3,21;81,44
13.05.2021 05:00;14,76;171,09;3,08;3,27;71,11
13.05.2021 06:00;13,08;158,11;3,26;3,49;54,59
13.05.2021 07:00;17,4;157,71;3,28;3,6;56,07
13.05.2021 08:00;19,7;164,1;3,44;4;58,42
13.05.2021 09:00;19,13;170,92;2,77;3,12;88,57
13.05.2021 10:00;25,76;175,15;2,32;2,58;97,18
13.05.2021 11:00;30,74;179,18;2,96;3,32;104,34
13.05.2021 12:00;29,16;175,72;2,56;2,87;106,36
13.05.2021 13:00;32,45;165,95;2,37;2,65;107,21
13.05.2021 14:00;30,33;158,48;3,24;3,84;103,59
13.05.2021 15:00;29,1;137,84;1,63;1,86;89,22
13.05.2021 16:00;33,47;128,83;1,5;1,71;86,1
13.05.2021 17:00;49,33;123,01;1,5;1,72;83,99
13.05.2021 18:00;57,21;126,84;1,43;1,63;81,71
13.05.2021 19:00;59,63;125,68;1,48;1,66;81,97
13.05.2021 20:00;64,43;140,13;2,24;2,49;77,41
13.05.2021 21:00;65,12;145,53;3,12;3,35;66,2
13.05.2021 22:00;60,99;155,09;2,57;2,79;72,3
13.05.2021 23:00;59,67;159,29;2,35;2,55;72,61
14.05.2021 00:00;52,18;154,19;2,54;2,74;70,55
14.05.2021 01:00;41,52;167,85;-;-;59,96
14.05.2021 02:00;30,82;173,89;1,88;2,04;61,07
14.05.2021 03:00;21,97;152,71;1,54;1,69;68,87
14.05.2021 04:00;15,84;162,38;3,75;3,93;58,99
14.05.2021 05:00;14,97;156,37;2,79;2,97;47,54
14.05.2021 06:00;12,85;146,08;2,4;2,58;43,56
14.05.2021 07:00;11,54;166,79;2,88;3,25;46,99
14.05.2021 08:00;21,12;158,24;2,25;2,65;55,97
14.05.2021 09:00;25,07;176,05;2,38;2,79;68,59
14.05.2021 10:00;28,69;190,52;3,18;4,24;74,07
14.05.2021 11:00;29,84;186,17;2,38;2,74;85,59
14.05.2021 12:00;30,78;176,38;2,82;3,47;85,91
14.05.2021 13:00;37,5;168,72;1,83;2,09;86,1
14.05.2021 14:00;41,29;169,59;2,92;3,7;85,36
14.05.2021 15:00;39,43;147,89;1,62;1,88;75,93
14.05.2021 16:00;56,78;147,88;2,17;2,67;79,56
14.05.2021 17:00;68,32;142,99;1,49;1,75;85,44
14.05.2021 18:00;58,78;151,39;1,38;1,58;87,88
14.05.2021 19:00;44,99;156,3;1,41;1,57;88,69
14.05.2021 20:00;41,82;156,16;1,92;2,06;85,52
14.05.2021 21:00;34,68;163,27;2,83;2,98;72,47
14.05.2021 22:00;42,04;175,38;4,08;4,3;64,01
14.05.2021 23:00;49,6;177,7;3,83;4,05;48,6
15.05.2021 00:00;44,56;174,15;7,81;8,17;39,32
15.05.2021 01:00;40,47;199,01;3,87;4,11;58,69
15.05.2021 02:00;40,68;181,07;2,59;2,79;64,71
15.05.2021 03:00;34,04;178,67;2,95;3,15;61,81
15.05.2021 04:00;27,24;190,42;4,08;4,33;55,32
15.05.2021 05:00;20,94;184,74;3,72;4,01;48,79
15.05.2021 06:00;19,87;166,61;3,44;3,72;33,46
15.05.2021 07:00;22,61;176,32;3,28;3,69;43,13
15.05.2021 08:00;25,65;193,5;3,41;3,91;61,76
15.05.2021 09:00;21,8;203,61;3,76;4,34;75,14
15.05.2021 10:00;23,95;197,29;4,07;4,78;86,41
15.05.2021 11:00;28,65;194,26;2,43;2,68;100,92
15.05.2021 12:00;30,03;187,67;2,17;2,4;103,86
15.05.2021 13:00;30,56;189,04;2,42;2,75;105,53
15.05.2021 14:00;35,06;184,63;2,26;2,49;109,41
15.05.2021 15:00;35,36;182,74;2,49;2,76;113,74
15.05.2021 16:00;29,97;177,82;2,23;2,45;115,4
15.05.2021 17:00;32,6;186,23;3,19;3,59;119,51
15.05.2021 18:00;32,85;183,43;3,11;3,41;122,49
15.05.2021 19:00;25,55;176,41;2,4;2,58;113,31
15.05.2021 20:00;20,06;150,53;3,01;3,2;90,93
15.05.2021 21:00;21,75;170,35;3,86;4,05;72,51
15.05.2021 22:00;30,01;174,31;3,87;4,06;71,45
15.05.2021 23:00;31,28;179,76;2,71;2,89;68,33
16.05.2021 00:00;34,72;186,22;3,05;3,27;67,09
16.05.2021 01:00;33,8;143,95;3,54;3,8;69,61
16.05.2021 02:00;30,91;153,89;4,09;4,37;71,87
16.05.2021 03:00;29,7;165,77;4,4;4,68;71,2
16.05.2021 04:00;26,52;161,67;4,31;4,57;71,6
16.05.2021 05:00;22,95;161,77;4,57;4,88;62,95
16.05.2021 06:00;27,38;167,4;5,51;5,87;56,6
16.05.2021 07:00;37,14;168,91;3,91;4,25;64,96
16.05.2021 08:00;41,75;163,02;3,66;4,04;77,51
16.05.2021 09:00;36,4;159,18;3,08;3,38;88,67
16.05.2021 10:00;35,66;154,69;3,31;3,63;85,27
16.05.2021 11:00;37,82;522,53;3,55;4,24;90,57
16.05.2021 12:00;40,58;353,71;3,29;3,93;95,74
16.05.2021 13:00;43,09;144,92;2,26;2,45;99,51
16.05.2021 14:00;36,1;129,6;2,2;2,37;100,75
16.05.2021 15:00;26,37;126,61;2,27;2,5;100,63
16.05.2021 16:00;36,35;106,88;2,31;2,59;99,16
16.05.2021 17:00;49,96;109,74;1,8;2;96,65
16.05.2021 18:00;50,46;121,25;2,03;2,23;93,89
16.05.2021 19:00;43,64;127,36;2,39;2,6;86,99
16.05.2021 20:00;38,39;123,4;2,19;2,32;86,61
16.05.2021 21:00;30,01;143,5;2,21;2,41;93,04
16.05.2021 22:00;21,74;154,57;3,19;3,43;82,05
16.05.2021 23:00;16,41;156,89;2,6;2,79;90,55
17.05.2021 00:00;18,51;152,96;3,22;3,44;75,6
17.05.2021 01:00;16,81;159,49;3,42;3,72;66,35
17.05.2021 02:00;12,29;148,53;3,35;3,66;61,71
17.05.2021 03:00;8,96;154,67;3,7;4;54,34
17.05.2021 04:00;6,75;154,33;3,64;3,95;62,09
17.05.2021 05:00;5,75;151,75;3,46;3,73;61,21
17.05.2021 06:00;4,82;148,64;4,18;4,58;39,13
17.05.2021 07:00;4;148,97;5,07;5,75;42,02
17.05.2021 08:00;10,28;152,64;3,78;4,44;62,26
17.05.2021 09:00;11,45;159,17;3,03;3,55;77,77
17.05.2021 10:00;9,31;151,89;2,77;3,24;85,56
17.05.2021 11:00;11,73;153,2;2,9;3,36;89,41
17.05.2021 12:00;12,83;148,82;3;3,48;92,47
17.05.2021 13:00;13,43;159,79;3,17;3,66;95,54
17.05.2021 14:00;12,88;177,53;3,18;3,64;98,27
17.05.2021 15:00;10,48;252,15;5,02;6,81;100,56
17.05.2021 16:00;8,02;324,68;4,41;5,47;101,44
17.05.2021 17:00;6,14;136,49;3,35;3,8;101,3
17.05.2021 18:00;9,58;123,19;2,88;3,19;100,78
17.05.2021 19:00;10,98;126,24;3,1;3,39;99,2
17.05.2021 20:00;8,92;123,75;3,99;4,24;86,23
17.05.2021 21:00;6,52;120,98;5,34;5,63;63,24
17.05.2021 22:00;4,56;121,81;6,68;7,06;48,7
17.05.2021 23:00;3,24;118,48;5,79;6,2;47,22
18.05.2021 00:00;3,89;126;10,88;12,63;42,98
18.05.2021 01:00;8,12;180,47;8,83;9,72;48,18
18.05.2021 02:00;10,98;175,95;7,74;8,37;30,18
18.05.2021 03:00;9,24;153,16;7,32;7,99;17,52
18.05.2021 04:00;6,8;159,01;9,08;9,79;20,25
18.05.2021 05:00;6,32;140,25;6,79;7,45;16,54
18.05.2021 06:00;5,7;128,39;5,54;6,16;18,5
18.05.2021 07:00;7,95;146,16;5,95;7,12;26,67
18.05.2021 08:00;13,33;176,18;8,07;10,2;44,82
18.05.2021 09:00;14,73;197,87;14,16;20,33;59,94
18.05.2021 10:00;17,01;169,1;3,63;4,29;86,9
18.05.2021 11:00;25,04;156,77;2,42;2,81;79,07
18.05.2021 12:00;31,64;146,38;3,04;3,75;69,65
18.05.2021 13:00;28,99;159,67;2,81;3,48;72,92
18.05.2021 14:00;22,06;162,51;3,16;4,09;74,71
18.05.2021 15:00;16,12;156,13;2,43;2,85;78,51
18.05.2021 16:00;15,9;154,87;2,37;2,71;81,63
18.05.2021 17:00;21,71;156,07;2,51;2,88;82,22
18.05.2021 18:00;22,24;160,88;2,31;2,62;78,74
18.05.2021 19:00;24,57;173,43;2,73;3,11;78,08
18.05.2021 20:00;32,36;177,14;3,21;3,53;78,28
18.05.2021 21:00;28,88;186,5;3,76;4,12;69,04
18.05.2021 22:00;22,8;182,07;4,17;4,55;63,62
18.05.2021 23:00;21,97;187,11;3,89;4,23;65,39
19.05.2021 00:00;20,27;188,22;5,46;5,85;61,23
19.05.2021 01:00;22,57;190,52;5,39;5,83;66,54
19.05.2021 02:00;20,71;196;4,89;5,28;70,85
19.05.2021 03:00;14,98;190,26;4,37;4,75;68,34
19.05.2021 04:00;12,35;187,01;3,77;4,1;67,06
19.05.2021 05:00;15,76;181,77;3,68;4,02;60,03
19.05.2021 06:00;14,69;179;3,74;4,1;54,06
19.05.2021 07:00;11,07;182,8;5,11;5,76;49,02
19.05.2021 08:00;12,57;186,4;4,46;5,44;65,06
19.05.2021 09:00;11,43;168,89;3,21;3,68;84,22
19.05.2021 10:00;8,3;165,45;2,39;2,62;89,55
19.05.2021 11:00;6,37;166,4;2,21;2,41;95,56
19.05.2021 12:00;10,45;154,83;2,16;2,33;106,7
19.05.2021 13:00;12,85;154,22;2,3;2,48;108,1
19.05.2021 14:00;11,22;152,54;2,89;3,16;112,37
19.05.2021 15:00;8,83;154,8;2,94;3,2;112,69
19.05.2021 16:00;6,71;153,81;2,53;2,72;113,46
19.05.2021 17:00;8,04;151,76;2,54;2,72;113,37
19.05.2021 18:00;7,98;151,68;2,52;2,7;113,58
19.05.2021 19:00;12,17;159,77;3;3,18;114,18
19.05.2021 20:00;14,48;180,5;4,83;5,02;116,26
19.05.2021 21:00;11,49;170,69;6,46;6,71;89,14
19.05.2021 22:00;15,27;166,58;6,1;6,39;82,43
19.05.2021 23:00;27,02;162,23;6,32;6,65;84,26
20.05.2021 00:00;35,35;158,42;6,25;6,58;83,18
20.05.2021 01:00;39,67;104,97;4,48;4,77;84,9
20.05.2021 02:00;38,93;94,98;4,29;4,56;71,67
20.05.2021 03:00;30,75;105,37;4,85;5,17;68,27
20.05.2021 04:00;28,29;105,74;4,05;4,31;71,67
20.05.2021 05:00;29,75;99,49;4,13;4,39;62,1
20.05.2021 06:00;26,12;91,99;4,41;4,71;60,63
20.05.2021 07:00;26,1;100,6;7,42;8,64;56,83
20.05.2021 08:00;31,51;118,15;6,89;8,19;55,15
20.05.2021 09:00;29,11;126,74;9,43;12,46;66,9
20.05.2021 10:00;29,4;106,8;5,25;6,16;89,26
20.05.2021 11:00;34,5;99,91;6,9;8,3;99,22
20.05.2021 12:00;41,57;107,97;5,72;6,54;106,6
20.05.2021 13:00;44,16;64,74;2,47;2,81;101,72
20.05.2021 14:00;52,96;67,1;2,11;2,46;93,91
20.05.2021 15:00;57,09;61,29;1,93;2,27;90,34
20.05.2021 16:00;71,58;53,7;2,42;3,05;95,36
20.05.2021 17:00;96,97;58,02;4,19;5,28;96,19
20.05.2021 18:00;96,22;44,5;1,84;2,12;94,6
20.05.2021 19:00;86,91;48,65;2,24;2,53;92,16
20.05.2021 20:00;78,95;48,35;2,54;2,77;83,96
20.05.2021 21:00;58,72;51,55;2,94;3,12;73,34
20.05.2021 22:00;43,69;66,04;3,11;3,3;71,14
20.05.2021 23:00;38,42;72,59;2,98;3,17;71,66
21.05.2021 00:00;32,9;68,85;3,03;3,23;72,15
21.05.2021 01:00;25,14;128,3;-;-;60,02
21.05.2021 02:00;22,08;125,87;3,16;3,35;61,96
21.05.2021 03:00;18,1;125,6;3,01;3,19;63,05
21.05.2021 04:00;13,36;120,07;3,28;3,47;51,21
21.05.2021 05:00;10,17;117,54;2,95;3,16;50
21.05.2021 06:00;7,54;113,24;2,59;2,81;45,42
21.05.2021 07:00;5,87;132,37;5,18;5,75;47,6
21.05.2021 08:00;8;115,97;2,34;2,76;56,39
21.05.2021 09:00;8,07;116,5;2,79;3,3;69,6
21.05.2021 10:00;13,26;109,22;2,7;3,77;87,46
21.05.2021 11:00;16,42;119,1;2,32;2,72;90,93
21.05.2021 12:00;19,9;126,11;4,94;6,35;92,42
21.05.2021 13:00;31,69;121,65;3,79;5,07;80,79
21.05.2021 14:00;166,96;131,63;4,01;5,46;75,62
21.05.2021 15:00;196,93;131,6;2,24;2,98;79,51
21.05.2021 16:00;239,63;137,9;1,95;2,3;81,01
21.05.2021 17:00;169,85;125,11;1,71;2,04;83,61
21.05.2021 18:00;82,13;122,12;1,39;1,61;87,86
21.05.2021 19:00;44,81;173,66;2,53;2,81;81,9
21.05.2021 20:00;39,13;174,58;2,7;2,9;87,56
21.05.2021 21:00;19,37;183,96;2,75;2,93;91,83
21.05.2021 22:00;2,79;188,45;2,71;2,89;95,35
21.05.2021 23:00;0,46;186,76;3,15;3,33;89,55
22.05.2021 00:00;5,27;183,58;3,26;3,45;85,3
22.05.2021 01:00;4,23;161,78;4,22;4,46;74,99
22.05.2021 02:00;6,34;143,18;3,46;3,65;-
22.05.2021 03:00;4,63;149,62;3,35;3,54;79,25
22.05.2021 04:00;2,11;144,59;3,75;3,96;79,76
22.05.2021 05:00;2,58;155,58;3,57;3,79;76,74
22.05.2021 06:00;5,22;155,02;3,39;3,62;77,66
22.05.2021 07:00;4,71;153,78;3;3,21;81,62
22.05.2021 08:00;22,21;153,72;3,1;3,37;80,74
22.05.2021 09:00;20,63;152,39;2,69;3,04;80,22
22.05.2021 10:00;20,82;147,38;2,56;2,91;80,57
22.05.2021 11:00;27,66;141,33;2,31;2,59;85,32
22.05.2021 12:00;19,61;144,94;2,23;2,51;83,98
22.05.2021 13:00;24,02;157,15;2,46;2,81;79,77
22.05.2021 14:00;20,72;150,32;2,49;2,82;80,23
22.05.2021 15:00;11,96;152,26;2,43;2,74;84,95
22.05.2021 16:00;7,93;151,44;2,37;2,61;86,3
22.05.2021 17:00;5,28;155,57;2,35;2,63;86,06
22.05.2021 18:00;13,69;152,05;2,73;2,97;81,93
22.05.2021 19:00;13,99;160,08;2,81;3,08;78,43
22.05.2021 20:00;8,82;152,1;2,67;2,91;72,51
22.05.2021 21:00;6,05;144,57;2,63;2,85;67,78
22.05.2021 22:00;4,03;146,88;2,73;2,94;62,57
22.05.2021 23:00;2,62;145,33;2,94;3,17;61,31
23.05.2021 00:00;1,76;143,52;2,96;3,18;60,19
23.05.2021 01:00;1,22;201;2,95;3,17;59,61
23.05.2021 02:00;0,86;214,8;3,04;3,24;57,15
23.05.2021 03:00;0,63;219,61;3,06;3,25;55,64
23.05.2021 04:00;0,91;220,21;3,34;3,52;54,55
23.05.2021 05:00;1,4;220,09;3,7;3,91;53,25
23.05.2021 06:00;1,4;215,53;3,59;3,8;48,63
23.05.2021 07:00;2,29;213,2;3,49;3,84;51,8
23.05.2021 08:00;6,07;218,96;3,32;3,78;62,23
23.05.2021 09:00;7,23;209,11;2,86;3,23;73,29
23.05.2021 10:00;5,73;203,25;2,64;2,94;80,52
23.05.2021 11:00;4,08;193,14;2,43;2,67;85,96
23.05.2021 12:00;6,01;198,78;2,36;2,6;90,49
23.05.2021 13:00;6,39;197,15;2,29;2,47;93,13
23.05.2021 14:00;5,11;194,35;2,19;2,38;95,27
23.05.2021 15:00;3,89;193,69;2,22;2,41;99,23
23.05.2021 16:00;3,42;187,18;2,19;2,37;100,22
23.05.2021 17:00;3,33;187,51;2,28;2,45;102,99
23.05.2021 18:00;3,32;185,82;2,25;2,42;105,69
23.05.2021 19:00;3,35;182,26;2,27;2,41;105,1
23.05.2021 20:00;3,27;184,2;2,36;2,47;100,66
23.05.2021 21:00;2,89;181,18;2,61;2,71;86,85
23.05.2021 22:00;2,46;173,37;2,78;2,9;79,65
23.05.2021 23:00;2,15;173,16;2,69;2,82;66,62
24.05.2021 00:00;1,91;179,13;2,82;2,96;61,93
24.05.2021 01:00;2,04;268,95;3,03;3,21;43,67
24.05.2021 02:00;2,44;228,18;3,66;3,9;42,8
24.05.2021 03:00;2,62;216,92;4,1;4,35;40,38
24.05.2021 04:00;2,62;211,48;3,13;3,36;39,63
24.05.2021 05:00;2,59;205,72;2,81;3,05;28,79
24.05.2021 06:00;2,59;210,01;2,74;3;28,98
24.05.2021 07:00;3,33;202,55;3;3,42;31,83
24.05.2021 08:00;7,85;218,32;2,75;3,23;43,46
24.05.2021 09:00;12,74;226,2;2,88;3,51;61,41
24.05.2021 10:00;14,99;227,71;1,99;2,25;82,59
24.05.2021 11:00;19,02;223,15;1,77;1,97;90,46
24.05.2021 12:00;18,77;239,55;1,71;1,9;94,24
24.05.2021 13:00;17,9;230,85;1,76;1,95;97,09
24.05.2021 14:00;19,09;232,57;1,79;1,97;98,14
24.05.2021 15:00;16,53;228,94;1,85;2,03;100,09
24.05.2021 16:00;13,11;228,35;1,89;2,07;101,58
24.05.2021 17:00;16,28;228,78;3,26;3,83;102,79
24.05.2021 18:00;22,26;221,02;2,09;2,28;105,06
24.05.2021 19:00;20,28;222,53;2,14;2,3;106,7
24.05.2021 20:00;15,21;212,8;2,64;2,78;112,07
24.05.2021 21:00;20,17;227,62;5,86;6,12;87,18
24.05.2021 22:00;26,03;229,9;2,99;3,17;77,39
24.05.2021 23:00;30,49;279,12;3,2;3,45;64,58
25.05.2021 00:00;30,72;225,99;3,21;3,43;54,76
25.05.2021 01:00;34,04;179,52;3,6;3,83;55,98
25.05.2021 02:00;29,86;195,26;3,36;3,57;77,04
25.05.2021 03:00;21,59;195,56;3,18;3,39;77,09
25.05.2021 04:00;15,87;198,56;3,41;3,65;70,14
25.05.2021 05:00;14,88;197,86;3,72;3,99;54,64
25.05.2021 06:00;16,59;188,4;3,37;3,62;49,06
25.05.2021 07:00;16,04;186,38;2,78;3,11;44,7
25.05.2021 08:00;27,96;194,74;3,74;4,39;43,47
25.05.2021 09:00;34,58;268,93;4,95;6,1;54,63
25.05.2021 10:00;50,72;509,52;5,05;6,16;77,02
25.05.2021 11:00;50,14;216,51;2,24;2,55;88,52
25.05.2021 12:00;45,67;213,78;2,03;2,27;95,15
25.05.2021 13:00;39,19;208,09;1,85;2,06;95,99
25.05.2021 14:00;29,58;204,32;1,8;1,99;98,68
25.05.2021 15:00;21,7;192,83;1,94;2,14;101,88
25.05.2021 16:00;15,9;188,59;1,99;2,17;103,5
25.05.2021 17:00;16,86;182,8;2,82;3,23;103,72
25.05.2021 18:00;20,5;179,82;2,11;2,3;105,51
25.05.2021 19:00;20,39;182,01;2,07;2,26;101,04
25.05.2021 20:00;20,1;175,51;2,09;2,23;96,56
25.05.2021 21:00;16,41;167,77;2,59;2,72;80,1
25.05.2021 22:00;11,51;155,37;2,79;2,93;86,6
25.05.2021 23:00;8,04;161,4;2,54;2,67;74,4
26.05.2021 00:00;12,27;164,12;3,05;3,2;67,37
26.05.2021 01:00;16,41;155,03;8,32;9,45;51,14
26.05.2021 02:00;24,69;151,24;4,45;4,71;58,4
26.05.2021 03:00;23,41;139,64;2,89;3,08;56,53
26.05.2021 04:00;19,05;152,02;3,87;4,11;46,39
26.05.2021 05:00;24,75;171,08;4,53;4,83;53,51
26.05.2021 06:00;30,39;213,02;14,91;16,28;32,66
26.05.2021 07:00;34,93;183,71;7,01;8,04;50,71
26.05.2021 08:00;36,66;183,01;5,55;6,56;55,55
26.05.2021 09:00;32,09;179,92;4,04;4,57;81,14
26.05.2021 10:00;33,98;181,48;3,33;3,69;85,16
26.05.2021 11:00;39,81;184,41;2,9;3,18;99,32
26.05.2021 12:00;42,87;177,13;3,41;3,84;112,3
26.05.2021 13:00;38,66;175,33;3,55;3,94;120,23
26.05.2021 14:00;39,59;176,86;3,62;4,14;122,79
26.05.2021 15:00;38,81;171,28;3,11;3,46;124,68
26.05.2021 16:00;34,66;172,54;4,46;5,15;126,35
26.05.2021 17:00;-;-;-;-;-
26.05.2021 18:00;41,18;157,1;2,17;2,36;126,62
26.05.2021 19:00;38,51;162,61;2,64;2,86;118,93
26.05.2021 20:00;35,01;157,97;3,41;3,63;101,83
26.05.2021 21:00;26,81;154,23;4,42;4,6;86,1
26.05.2021 22:00;22,04;143,31;4,11;4,35;59,83
26.05.2021 23:00;23,46;137,73;2,61;-;59,84
27.05.2021 00:00;26,37;136,68;2,63;2,79;60,99
27.05.2021 01:00;28,97;173,18;2,81;3,01;62,32
27.05.2021 02:00;25,15;181,7;2,99;3,2;74,44
27.05.2021 03:00;18,99;173,2;2,68;2,84;72,39
27.05.2021 04:00;14,37;160,94;2,35;2,49;69,03
27.05.2021 05:00;10,95;-;-;-;-
27.05.2021 06:00;8,45;157,96;2,94;3,11;64,7
27.05.2021 07:00;6,45;163,35;2,89;3,16;60,95
27.05.2021 08:00;10,71;176,43;3,75;4,62;74,09
27.05.2021 09:00;21,81;173,62;3,15;3,55;74,69
27.05.2021 10:00;24,69;166,84;3;3,3;92,2
27.05.2021 11:00;35,63;171,13;3,96;4,36;84,09
27.05.2021 12:00;43,64;183,22;4,02;4,62;90,72
27.05.2021 13:00;51,97;175,71;1,64;1,8;105,84
27.05.2021 14:00;49,36;223,31;3,27;3,7;94,13
27.05.2021 15:00;37,05;192,71;2,5;2,78;102,83
27.05.2021 16:00;28,2;183,59;2,01;2,23;110,97
27.05.2021 17:00;27,7;184,46;3,91;4,42;107,15
27.05.2021 18:00;27,51;189,36;3,68;4,02;105,2
27.05.2021 19:00;25,41;217,08;4,41;4,83;100,22
27.05.2021 20:00;43,13;195,69;3,19;3,52;95,8
27.05.2021 21:00;67,49;191,16;2,9;3,2;101,72
27.05.2021 22:00;82,07;192,96;4,32;5,57;93,71
27.05.2021 23:00;67,49;198,35;3,08;3,34;84,92
28.05.2021 00:00;49,12;182,48;2,56;2,76;75,15
28.05.2021 01:00;37,65;176,91;-;-;62,44
28.05.2021 02:00;34,82;194,52;3,58;3,95;56,61
28.05.2021 03:00;35,61;193,88;4,21;4,66;57,73
28.05.2021 04:00;32,07;187,34;4,7;5,16;42,62
28.05.2021 05:00;26,86;180,66;5,73;6,23;32,28
28.05.2021 06:00;20,49;183,2;5,94;6,47;33,81
28.05.2021 07:00;15,08;195,38;6,23;7,01;47,26
28.05.2021 08:00;12,07;222,78;11,86;16,13;54,86
28.05.2021 09:00;9,7;260,39;22,07;32,13;65,02
28.05.2021 10:00;17,93;203,83;4,75;5,61;96,99
28.05.2021 11:00;25,25;194,05;3,24;3,65;117,65
28.05.2021 12:00;23,34;212,62;4,11;4,77;116,71
28.05.2021 13:00;23,53;-;2,36;-;-
28.05.2021 14:00;24,88;198,35;2,36;2,62;122,1
28.05.2021 15:00;20,35;203,01;2,79;3,08;118,3
28.05.2021 16:00;20,08;212,9;2,91;3,3;108,6
28.05.2021 17:00;22,65;252,37;4,86;5,52;79,34
28.05.2021 18:00;22,49;240,71;4,82;5,7;83,06
28.05.2021 19:00;18,42;219,54;4,84;5,54;84,11
28.05.2021 20:00;18,59;203,83;4,37;5;71,49
28.05.2021 21:00;16,08;203,51;9,03;9,87;61,23
28.05.2021 22:00;11,33;206,2;10,31;11,19;69,89
28.05.2021 23:00;11,98;219,2;6,19;6,89;64,65
29.05.2021 00:00;17,52;228,74;5,92;6,49;76,81
29.05.2021 01:00;26,84;261,08;6,36;6,96;87,6
29.05.2021 02:00;39,36;266,13;5,86;6,43;87,29
29.05.2021 03:00;35,84;251,89;4,7;5,19;95,13
29.05.2021 04:00;33,91;232,69;4;4,39;90,46
29.05.2021 05:00;-;-;4,05;-;-
29.05.2021 06:00;36,73;-;-;-;-
29.05.2021 07:00;35,12;232,94;4,75;5,24;68,47
29.05.2021 08:00;32,64;213,59;4,73;5,37;75,42
29.05.2021 09:00;26,07;192,21;4;4,63;86,39
29.05.2021 10:00;20,12;177,26;3,92;4,52;93,01
29.05.2021 11:00;24,53;176;3,98;4,56;97,45
29.05.2021 12:00;24,49;167,24;3,95;4,46;100,69
29.05.2021 13:00;23,27;169,51;4,06;4,58;100,04
29.05.2021 14:00;20,74;167,74;4,24;4,71;101,53
29.05.2021 15:00;15,82;155,15;4,01;4,49;101,57
29.05.2021 16:00;11,4;151,87;3,97;4,39;105,05
29.05.2021 17:00;8,17;140,44;3,86;4,22;106,06
29.05.2021 18:00;6,14;-;-;-;-
29.05.2021 19:00;4,54;141,19;4,28;4,56;101,78
29.05.2021 20:00;3,78;140,27;4,91;5,27;91,93
29.05.2021 21:00;3,06;142,69;4,94;5,19;73,01
29.05.2021 22:00;2,3;140,28;5,44;5,67;63,92
29.05.2021 23:00;1,77;139,65;7,25;7,61;50,85
30.05.2021 00:00;1,4;141,67;6,51;6,85;58,37
30.05.2021 01:00;1,17;238,54;5,92;6,28;50,25
30.05.2021 02:00;1,27;252,89;5,88;6,28;47,47
30.05.2021 03:00;1,25;255,49;5,88;6,28;48,89
30.05.2021 04:00;1,21;248,53;6,28;6,68;40,51
30.05.2021 05:00;1,24;242,58;6,66;7,13;26,13
30.05.2021 06:00;1,37;242,6;5,6;6,08;23,23
30.05.2021 07:00;1,64;259,32;5,31;6,02;34,17
30.05.2021 08:00;2,15;261,1;4,78;5,43;52,02
30.05.2021 09:00;2,36;264,18;4,22;4,74;70,81
30.05.2021 10:00;2,42;258,9;3,9;4,29;85,91
30.05.2021 11:00;3,15;259,86;4,6;5,25;90,9
30.05.2021 12:00;6,81;259,56;3,83;4,2;98,57
30.05.2021 13:00;8,93;257,23;5,91;7,13;104,95
30.05.2021 14:00;11,96;256,94;4,37;4,75;110,67
30.05.2021 15:00;11,6;259,35;4,34;4,65;113,28
30.05.2021 16:00;10,62;260,78;4,33;4,64;115,63
30.05.2021 17:00;12,54;256,41;4,41;4,68;117,92
30.05.2021 18:00;13,14;258,81;4,49;4,74;116,94
30.05.2021 19:00;11,34;263,8;4,44;4,66;118,76
30.05.2021 20:00;16,49;261,21;5,29;5,49;113,84
30.05.2021 21:00;15,87;261,06;7,28;7,98;83,54
30.05.2021 22:00;22,4;272,98;4,86;5,29;88,94
30.05.2021 23:00;32,34;276,55;3,55;3,84;93,25
31.05.2021 00:00;35,94;291,49;3,82;4,21;71,02
31.05.2021 01:00;30,6;220,55;3,81;4,24;57,05
31.05.2021 02:00;25,59;212,07;4,77;5,21;54,83
31.05.2021 03:00;20,45;208,5;3,73;4,16;64,02
31.05.2021 04:00;16,08;197,18;3,1;3,47;63,16
31.05.2021 05:00;13,2;199,53;3,31;3,72;52,75
31.05.2021 06:00;16,39;202,69;3,15;3,49;54,83
31.05.2021 07:00;18,19;207,11;3,7;4,14;50,19
31.05.2021 08:00;16,66;213,25;4,17;4,75;60,02
31.05.2021 09:00;13,46;217,74;10,45;14,1;76,22
31.05.2021 10:00;12,27;200,84;4,83;5,7;86,46
31.05.2021 11:00;15,05;194,36;4,27;4,92;94,68
31.05.2021 12:00;20,34;189,54;-;-;96,81
31.05.2021 13:00;25,46;175,57;-;-;94,4
31.05.2021 14:00;22,46;176,42;4,04;4,69;96,82
31.05.2021 15:00;16,58;196,01;3,57;4,42;89,57
31.05.2021 16:00;14,75;184,82;3,18;3,49;85,54
31.05.2021 17:00;15,58;202,45;3,3;3,66;80,03
31.05.2021 18:00;17,61;190,16;3,33;3,74;86,27
31.05.2021 19:00;20,73;195,34;3,58;4,02;81,21
31.05.2021 20:00;17,8;177,83;3,48;3,77;83,17
31.05.2021 21:00;12,53;181,91;3,9;4,18;66,77
31.05.2021 22:00;8,77;179,36;6,89;7,25;59,37
31.05.2021 23:00;10,92;174,58;4,14;4,46;69,63
1.06.2021 00:00;10,78;173,55;4,38;4,7;62,65
1.06.2021 01:00;12,45;181,98;4,01;4,32;50,5
1.06.2021 02:00;11,43;183,63;3,42;3,74;46,48
1.06.2021 03:00;8,64;185,9;3,84;4,22;40,37
1.06.2021 04:00;6,92;177,23;3,89;4,31;25,98
1.06.2021 05:00;5,37;177,29;3,89;4,32;26,2
1.06.2021 06:00;4,48;184,89;5,96;6,5;26,07
1.06.2021 07:00;3,95;190,29;4,42;5,05;43,4
1.06.2021 08:00;6,72;191,25;3,58;4,14;60,92
1.06.2021 09:00;6,93;194,72;3,26;3,7;70,24
1.06.2021 10:00;5,03;201,37;4,32;5,05;64,2
1.06.2021 11:00;4,61;195,56;2,98;3,43;81,68
1.06.2021 12:00;11,87;198,17;2,91;3,23;82,49
1.06.2021 13:00;14,06;193,22;2,99;3,33;89,15
1.06.2021 14:00;12,38;195,7;3,19;3,54;90,31
1.06.2021 15:00;9,62;183,87;3,76;4,05;83,86
1.06.2021 16:00;6,73;183,95;3,24;3,61;87,09
1.06.2021 17:00;4,71;182,2;3,2;3,46;86,3
1.06.2021 18:00;3,9;171,78;3,99;4,39;82,77
1.06.2021 19:00;3,56;175,1;4,59;5,02;85,33
1.06.2021 20:00;3,44;178,06;4,76;5,14;75,74
1.06.2021 21:00;2,95;182,59;4,87;5,17;70,82
1.06.2021 22:00;2,52;174,83;4,54;4,81;68,11
1.06.2021 23:00;2,55;173,53;4,73;4,99;63,72
2.06.2021 00:00;2,71;170,21;5,6;5,93;52,12
2.06.2021 01:00;2,63;142,67;5,41;5,77;42,03
2.06.2021 02:00;2,42;-;5,83;-;-
2.06.2021 03:00;2,22;156,26;5,67;6;42,71
2.06.2021 04:00;2,15;153,6;5,04;5,43;33,48
2.06.2021 05:00;2,09;147,38;5,98;6,41;31,14
2.06.2021 06:00;-;-;-;-;-
2.06.2021 07:00;2,08;147,53;3,7;4,13;49,32
2.06.2021 08:00;2,04;143,38;3,12;3,66;68,52
2.06.2021 09:00;2,02;146,91;3,03;3,48;80
2.06.2021 10:00;2,01;142,72;3,45;3,97;88,63
2.06.2021 11:00;2,01;161,19;3,84;4,46;86,83
2.06.2021 12:00;2,01;149,84;3,67;4,16;85,45
2.06.2021 13:00;2;134,51;3,88;4,47;94,94
2.06.2021 14:00;0,07;159,27;16,83;43,86;-
2.06.2021 15:00;26,74;168,76;22,17;59,74;-
2.06.2021 16:00;27,63;165,2;22,22;59,77;-
2.06.2021 17:00;25,34;163,02;22,09;59,53;-
2.06.2021 18:00;19,18;163,23;22,05;59,42;-
2.06.2021 19:00;17,16;160,39;22,11;59,43;-
2.06.2021 20:00;12,59;161,35;22,75;60,13;-
2.06.2021 21:00;8,82;165,69;23,51;61;-
2.06.2021 22:00;6,18;183,71;23,09;60,63;-
2.06.2021 23:00;4,32;173,16;22,67;60,16;-
3.06.2021 00:00;3,1;173,37;22,74;60,24;-
3.06.2021 01:00;2,28;183,12;23,64;61,2;-
3.06.2021 02:00;1,79;190,31;22,54;59,99;-
3.06.2021 03:00;2,09;188,18;22,49;59,92;-
3.06.2021 04:00;2,16;189,66;22,39;59,75;-
3.06.2021 05:00;2,22;186,21;22,9;60,34;-
3.06.2021 06:00;2,33;178,47;22,39;59,9;-
3.06.2021 07:00;2,28;175,95;22,99;60,9;-
3.06.2021 08:00;2,41;182,44;22,62;60,75;-
3.06.2021 09:00;2,47;185,22;22,07;59,9;-
3.06.2021 10:00;2,34;182,25;21,82;59,43;-
3.06.2021 11:00;2,35;175,4;21,68;59,11;-
3.06.2021 12:00;3,5;172,2;21,82;59,14;-
3.06.2021 13:00;4,93;158,18;21,67;58,94;-
3.06.2021 14:00;7;155,93;21,58;58,82;-
3.06.2021 15:00;6,14;136,67;21,44;58,58;-
3.06.2021 16:00;5,26;137,49;21,32;58,43;-
3.06.2021 17:00;4,13;135,57;21,22;58,36;-
3.06.2021 18:00;3,74;135,1;21,14;58,25;-
3.06.2021 19:00;2,73;134,72;21,32;58,44;-
3.06.2021 20:00;1,96;142,61;21,57;58,7;-
3.06.2021 21:00;1,44;146,49;22,16;59,32;-
3.06.2021 22:00;1,09;151,66;22,35;59,61;-
3.06.2021 23:00;0,85;154,18;22,13;59,42;-
4.06.2021 00:00;0,68;157,78;23,02;60,36;-
4.06.2021 01:00;0,55;224,87;-;-;-
4.06.2021 02:00;0,97;238,9;5,19;5,6;-
4.06.2021 03:00;0,93;235,92;5,37;5,79;-
4.06.2021 04:00;0,92;229,95;5,28;5,74;-
4.06.2021 05:00;1,98;220,91;5,52;6,02;-
4.06.2021 06:00;2,15;223,96;4,75;5,25;-
4.06.2021 07:00;2,21;230,06;4,64;5,27;-
4.06.2021 08:00;4,95;244,41;5;5,7;-
4.06.2021 09:00;4,77;238,77;4,29;4,82;-
4.06.2021 10:00;-;-;3,53;-;-
4.06.2021 11:00;7,74;227,22;3,45;3,8;-
4.06.2021 12:00;9,56;228,56;3,38;3,69;-
4.06.2021 13:00;9,04;212,6;3,1;3,4;-
4.06.2021 14:00;9,98;206,07;2,92;3,21;-
4.06.2021 15:00;7,6;194,77;2,82;3,11;-
4.06.2021 16:00;5,52;195,93;2,8;3,11;-
4.06.2021 17:00;4,29;193,05;2,87;3,17;-
4.06.2021 18:00;4,47;184,47;2,73;3,01;-
4.06.2021 19:00;4,37;180,69;2,64;2,87;-
4.06.2021 20:00;6,32;181,22;2,76;2,97;-
4.06.2021 21:00;5,32;193,76;3,23;3,43;-
4.06.2021 22:00;4,24;192,06;3,74;3,99;-
4.06.2021 23:00;3,46;205,48;4,28;4,58;-
5.06.2021 00:00;2,9;208,16;5,41;5,76;-
5.06.2021 01:00;2,71;163,59;5,07;5,41;-
5.06.2021 02:00;2,73;165,01;5,64;6,01;-
5.06.2021 03:00;2,68;163,25;5,79;6,19;-
5.06.2021 04:00;2,55;151,64;6;6,54;-
5.06.2021 05:00;2,44;156,43;5,69;6,2;-
5.06.2021 06:00;2,41;162,27;5,45;5,9;-
5.06.2021 07:00;2,41;161,24;5,42;6,07;-
5.06.2021 08:00;2,85;160,2;5,68;6,43;-
5.06.2021 09:00;2,86;160,92;5,67;6,53;-
5.06.2021 10:00;4,17;150,03;4,41;5,19;-
5.06.2021 11:00;7,01;140,02;3,32;3,81;-
5.06.2021 12:00;8,82;130,89;2,76;3,05;-
5.06.2021 13:00;8,31;121,25;2,7;2,97;-
5.06.2021 14:00;10,53;115,31;2,57;2,81;-
5.06.2021 15:00;8,65;112,81;2,34;2,55;-
5.06.2021 16:00;6,93;117,49;2,57;2,82;-
5.06.2021 17:00;5,18;107,84;2,48;2,68;-
5.06.2021 18:00;5,62;116;2,82;3,05;-
5.06.2021 19:00;4,6;109,36;2,45;2,61;-
5.06.2021 20:00;3,73;107;2,56;2,72;-
5.06.2021 21:00;3,38;106,09;3,34;3,52;-
5.06.2021 22:00;2,64;-;-;-;-
5.06.2021 23:00;2,05;124,32;3,86;4,09;-
6.06.2021 00:00;1,66;132,33;4,67;4,93;-
6.06.2021 01:00;4,06;208,74;4,87;5,15;-
6.06.2021 02:00;6,16;214,69;4,97;5,26;-
6.06.2021 03:00;5,87;207,76;5,28;5,63;-
6.06.2021 04:00;5,46;211,6;4,65;5,03;-
6.06.2021 05:00;4,41;204,82;6,08;6,56;-
6.06.2021 06:00;3,61;211,7;5,85;6,4;-
6.06.2021 07:00;3,11;217,27;5,32;6,3;-
6.06.2021 08:00;6,23;221,87;4,76;6,04;-
6.06.2021 09:00;6,61;-;-;-;-
6.06.2021 10:00;10,12;202,48;3,04;3,51;-
6.06.2021 11:00;13,67;190,06;2,48;2,78;-
6.06.2021 12:00;18,86;178,45;2,29;2,53;-
6.06.2021 13:00;18,38;177,39;2,4;2,67;-
6.06.2021 14:00;14,06;179,1;2,41;2,67;-
6.06.2021 15:00;10,73;175,3;2,29;2,54;-
6.06.2021 16:00;7,85;174,67;2,45;2,71;-
6.06.2021 17:00;5,59;168,92;2,33;2,57;-
6.06.2021 18:00;4,99;170,9;2,32;2,53;-
6.06.2021 19:00;7,52;168,34;2,35;2,55;-
6.06.2021 20:00;8,51;164,1;2,61;2,77;-
6.06.2021 21:00;6,32;172,54;3,85;4,07;-
6.06.2021 22:00;10,06;188,82;3,43;3,63;-
6.06.2021 23:00;7,78;169,56;3,54;3,77;-
7.06.2021 00:00;6,1;189,91;3,45;3,67;-
7.06.2021 01:00;8,22;193,53;8,75;9,44;-
7.06.2021 02:00;7,96;200,11;5,51;5,82;-
7.06.2021 03:00;6,65;185,9;4,72;5,05;-
7.06.2021 04:00;5,05;195,92;4,28;4,59;-
7.06.2021 05:00;4,47;200,65;5,31;5,69;-
7.06.2021 06:00;3,52;242,9;7,74;8,44;-
7.06.2021 07:00;5,33;211,36;4,21;4,83;-
7.06.2021 08:00;9,67;220,03;5,3;6,44;-
7.06.2021 09:00;8,06;241,36;4,41;5,11;-
7.06.2021 10:00;11,53;267,13;3,66;4,07;-
7.06.2021 11:00;18,54;250,2;3,19;3,51;-
7.06.2021 12:00;23,96;251,94;3,22;3,57;-
7.06.2021 13:00;19,63;207,93;3,04;3,32;-
7.06.2021 14:00;27,08;205,96;2,93;3,2;-
7.06.2021 15:00;21,42;201,68;2,88;3,15;-
7.06.2021 16:00;16,06;206,57;3,9;4,5;-
7.06.2021 17:00;15,83;201,8;2,82;3,05;-
7.06.2021 18:00;19,31;192,94;2,65;2,87;-
7.06.2021 19:00;14,87;176,37;2,47;2,68;-
7.06.2021 20:00;16,03;179,84;2,64;2,81;-
7.06.2021 21:00;11,95;183,48;2,95;3,11;-
7.06.2021 22:00;8,52;213,12;4,16;4,39;-
7.06.2021 23:00;12,99;229,88;5,68;5,98;-
8.06.2021 00:00;26,84;223,36;6,19;6,53;-
8.06.2021 01:00;28,48;163,94;11,35;12,93;-
8.06.2021 02:00;37,01;169,32;7,61;8,02;-
8.06.2021 03:00;28,07;156,99;8,46;8,91;-
8.06.2021 04:00;19,79;173,05;7,85;8,33;-
8.06.2021 05:00;20,48;185,45;9,89;10,48;-
8.06.2021 06:00;22,04;181,91;14,51;15,4;-
8.06.2021 07:00;24,04;178,19;7,8;8,69;-
8.06.2021 08:00;31,32;199,93;6,24;7,14;-
8.06.2021 09:00;28,15;206,61;4,82;5,46;-
8.06.2021 10:00;31,82;197,79;4,2;4,73;-
8.06.2021 11:00;36,3;180,56;3,42;3,79;-
8.06.2021 12:00;33,86;193,96;3,06;3,41;-
8.06.2021 13:00;39,41;184,62;2,93;3,22;-
8.06.2021 14:00;34,52;190,42;3,95;4,47;-
8.06.2021 15:00;25,18;188,24;4,11;4,56;-
8.06.2021 16:00;27,06;208,76;5,86;7,01;-
8.06.2021 17:00;21,71;226,95;5,4;6,35;-
8.06.2021 18:00;29,42;212,73;2,69;3,08;-
8.06.2021 19:00;33,06;200,56;2,87;3,2;-
8.06.2021 20:00;24,54;222,97;3,04;3,35;-
8.06.2021 21:00;17,49;236,53;3,5;3,8;-
8.06.2021 22:00;12,29;237,47;4,51;4,83;-
8.06.2021 23:00;10,82;245,68;4,81;5,14;-
9.06.2021 00:00;8,4;226,2;5,44;5,78;-
9.06.2021 01:00;6,46;250,09;6,31;6,72;-
9.06.2021 02:00;5,01;249,53;6,99;7,52;-
9.06.2021 03:00;3,73;253,52;6,89;7,39;-
9.06.2021 04:00;3,51;250,07;6,3;6,77;-
9.06.2021 05:00;3,6;243,06;5,86;6,34;-
9.06.2021 06:00;3,1;231,87;5,04;5,57;-
9.06.2021 07:00;2,92;237,05;5,47;6,44;-
9.06.2021 08:00;13,13;249,91;5,14;6,37;-
9.06.2021 09:00;11,37;260,08;4,16;5,16;-
9.06.2021 10:00;11,3;239,09;3,08;3,65;-
9.06.2021 11:00;15,63;227,7;3,3;3,85;-
9.06.2021 12:00;18,88;220,77;3,25;3,78;-
9.06.2021 13:00;17,47;215,39;3,02;3,51;-
9.06.2021 14:00;18,86;203,23;2,46;2,9;-
9.06.2021 15:00;14,35;208,43;3,08;3,51;-
9.06.2021 16:00;12,67;223,76;3,71;4,27;-
9.06.2021 17:00;9,53;214,03;3,68;4,24;-
9.06.2021 18:00;7,46;215,51;3,69;4,24;-
9.06.2021 19:00;8,62;241,67;4,21;4,75;-
9.06.2021 20:00;15,74;235,07;3,72;4,15;-
9.06.2021 21:00;12,22;250,12;5;5,44;-
9.06.2021 22:00;8,57;246,96;4,12;4,45;-
9.06.2021 23:00;6,42;236,55;3,45;3,73;-
10.06.2021 00:00;4,81;234,41;4,39;4,75;-
10.06.2021 01:00;9,75;156,87;5,48;5,95;-
10.06.2021 02:00;8,61;145,83;4,84;5,25;-
10.06.2021 03:00;6,14;139,7;4,09;4,48;-
10.06.2021 04:00;4,48;131,12;4,1;4,54;-
10.06.2021 05:00;3,75;130,2;6,06;6,49;-
10.06.2021 06:00;2,83;131,07;5,43;5,98;-
10.06.2021 07:00;2,15;142,19;5,89;6,85;-
10.06.2021 08:00;1,67;159,58;5,32;6,79;-
10.06.2021 09:00;1,85;158,39;7,19;9,51;-
10.06.2021 10:00;2,07;146,99;2,67;3,13;-
10.06.2021 11:00;2,87;146,43;2,82;3,33;-
10.06.2021 12:00;6,33;154,14;3,09;3,67;-
10.06.2021 13:00;6,9;145,98;3,25;3,85;-
10.06.2021 14:00;6,25;126,45;2,95;3,44;-
10.06.2021 15:00;5,51;123,43;5,51;6,6;-
10.06.2021 16:00;4,62;121,97;3,78;4,31;-
10.06.2021 17:00;3,93;117,55;3,55;4,05;-
10.06.2021 18:00;3,21;124,38;3,71;4,35;-
10.06.2021 19:00;7,59;126,3;3,57;4,06;-
10.06.2021 20:00;11,68;139,55;4,18;4,64;-
10.06.2021 21:00;8,89;138,48;5,38;5,92;-
10.06.2021 22:00;6,22;136,42;4,95;5,38;-
10.06.2021 23:00;4,35;141,06;5,12;5,61;-
11.06.2021 00:00;3,85;128,18;5,03;5,57;-
11.06.2021 01:00;3,04;166,57;-;-;-
11.06.2021 02:00;2,8;166,96;7,43;8,07;-
11.06.2021 03:00;2,38;165,89;7,34;7,96;-
11.06.2021 04:00;2;181,81;11,15;11,76;-
11.06.2021 05:00;2,19;185,86;12,05;12,71;-
11.06.2021 06:00;2,13;165,95;6,98;7,67;-
11.06.2021 07:00;2,12;150,94;7,1;8,75;-
11.06.2021 08:00;3,84;169,84;6,6;8,25;-
11.06.2021 09:00;3,98;201,95;5,73;6,89;-
11.06.2021 10:00;4,48;196,39;5,58;6,7;-
11.06.2021 11:00;9,11;178,62;4,43;5,1;-
11.06.2021 12:00;9,02;165,85;3,56;3,98;-
11.06.2021 13:00;14,44;163,14;4,17;4,84;-
11.06.2021 14:00;13,89;169,41;4,03;4,6;-
11.06.2021 15:00;10,58;175,46;4,53;5,16;-
11.06.2021 16:00;12,14;166,84;4,49;5,19;-
11.06.2021 17:00;12,99;151,79;6,16;7,01;-
11.06.2021 18:00;18,69;178,94;4,22;4,7;-
11.06.2021 19:00;17,1;193,99;4,21;4,67;-
11.06.2021 20:00;12,33;198,74;4,1;4,48;-
11.06.2021 21:00;8,63;183,46;3,97;4,32;-
11.06.2021 22:00;6,04;192,12;3,97;4,33;-
11.06.2021 23:00;4,75;196,61;4,97;5,33;-
12.06.2021 00:00;4;196,1;5,59;6,06;-
12.06.2021 01:00;3,46;203,99;7,16;7,72;-
12.06.2021 02:00;3,41;193,99;6,51;7;-
12.06.2021 03:00;2,91;176,45;5,31;5,87;-
12.06.2021 04:00;2,53;180,32;3,78;4,22;-
12.06.2021 05:00;2,25;187,44;4,47;4,88;-
12.06.2021 06:00;1,98;189,34;4,35;4,77;-
12.06.2021 07:00;1,88;187,82;5,2;6,1;-
12.06.2021 08:00;1,77;207,86;4,41;5,38;-
12.06.2021 09:00;1,85;210,32;4,14;4,87;-
12.06.2021 10:00;1,76;193,81;3,84;4,42;-
12.06.2021 11:00;2,49;188,42;3,39;3,79;-
12.06.2021 12:00;3,38;174,02;3,23;3,59;-
12.06.2021 13:00;5,26;168,14;3,21;3,52;-
12.06.2021 14:00;6,71;162,06;3,19;3,46;-
12.06.2021 15:00;5,73;157,76;4,12;4,56;-
12.06.2021 16:00;4,52;150,66;3,46;3,73;-
12.06.2021 17:00;3,87;155,44;3,7;3,96;-
12.06.2021 18:00;3,19;147,09;3,59;3,83;-
12.06.2021 19:00;5,76;141,19;3,82;4,03;-
12.06.2021 20:00;6,19;173,46;5,42;5,71;-
12.06.2021 21:00;5,25;189,43;6,9;7,22;-
12.06.2021 22:00;3,76;188,29;6,74;7,08;-
12.06.2021 23:00;2,7;182,4;4,67;4,97;-
13.06.2021 00:00;2,78;191,99;6,1;6,69;-
13.06.2021 01:00;6,31;250,83;4,61;4,95;-
13.06.2021 02:00;6,05;233,96;5,19;5,64;-
13.06.2021 03:00;4,9;232,04;5,22;5,68;-
13.06.2021 04:00;4,19;234,15;5,74;6,18;-
13.06.2021 05:00;3,89;222,6;5,27;5,72;-
13.06.2021 06:00;3,48;218,43;5,28;5,81;-
13.06.2021 07:00;3,16;240,94;5,85;6,75;-
13.06.2021 08:00;5,43;245,21;5,32;6,3;-
13.06.2021 09:00;5,79;232,45;4,6;5,37;-
13.06.2021 10:00;5,44;227,79;4,03;4,52;-
13.06.2021 11:00;10,85;215,47;3,37;3,71;-
13.06.2021 12:00;16,2;216,19;4,97;5,69;-
13.06.2021 13:00;17,54;202,63;3,3;3,6;-
13.06.2021 14:00;15,03;203,13;3,12;3,36;-
13.06.2021 15:00;10,89;-;-;-;-
13.06.2021 16:00;8,19;201,77;3,43;3,67;-
13.06.2021 17:00;8,03;198,37;3,5;3,72;-
13.06.2021 18:00;6,63;196,53;3,42;3,63;-
13.06.2021 19:00;7,3;191,06;3,63;3,81;-
13.06.2021 20:00;6,01;234,56;4,62;4,91;-
13.06.2021 21:00;4,28;242,6;4,68;5,01;-
13.06.2021 22:00;3,07;-;4,79;-;-
13.06.2021 23:00;-;-;-;-;-
14.06.2021 00:00;6,62;202,65;4,12;4,42;-
14.06.2021 01:00;6,18;203,04;3,91;4,23;-
14.06.2021 02:00;7,23;217,98;4,11;4,52;-
14.06.2021 03:00;6,02;224,87;3,47;3,75;-
14.06.2021 04:00;4,73;238,84;4;4,31;-
14.06.2021 05:00;3,91;236,86;3,62;3,93;-
14.06.2021 06:00;3,62;243,62;3,19;3,5;-
14.06.2021 07:00;13,45;232,94;3,15;3,5;-
14.06.2021 08:00;11,3;234,9;3,1;3,48;-
14.06.2021 09:00;8,58;222,1;3,06;3,42;-
14.06.2021 10:00;6,97;216;3,64;4,13;-
14.06.2021 11:00;5,59;-;2,83;-;-
14.06.2021 12:00;12,52;198,07;2,8;3,06;-
14.06.2021 13:00;10,2;194,1;2,79;3;-
14.06.2021 14:00;10,46;202,91;3,07;3,37;-
14.06.2021 15:00;8,38;188,52;3,93;4,44;-
14.06.2021 16:00;6,66;178,68;3,51;3,92;-
14.06.2021 17:00;27,32;172,41;4,55;5,25;-
14.06.2021 18:00;29,32;214,64;3,99;4,38;-
14.06.2021 19:00;21,14;213,36;3,71;4,09;-
14.06.2021 20:00;14,87;208,53;3,65;3,98;-
14.06.2021 21:00;10,42;205,87;3,71;3,98;-
14.06.2021 22:00;8;219,78;3,62;3,89;-
14.06.2021 23:00;6,65;210,35;3,34;3,58;-
15.06.2021 00:00;5,12;201,74;2,98;3,23;-
15.06.2021 01:00;3,9;170,94;3,06;3,32;-
15.06.2021 02:00;3,27;183,13;3,35;3,66;-
15.06.2021 03:00;2,74;166,27;3,44;3,76;-
15.06.2021 04:00;2,53;165,74;3,49;3,83;-
15.06.2021 05:00;2,33;-;-;-;-
15.06.2021 06:00;2,29;158,87;3,47;3,82;-
15.06.2021 07:00;2,32;158,57;2,97;3,3;-
15.06.2021 08:00;2,38;153,7;2,68;2,98;-
15.06.2021 09:00;2,24;145,78;2,54;2,85;-
15.06.2021 10:00;2,07;150,55;2,76;3,13;-
15.06.2021 11:00;-;-;-;-;-
